TH,Ámbito,Nota,Cod Municipio,Cod Comarca,Censo,Votantes,Nulos,Válidos,Blancos,Votos Candidatura,Abstención,EAJ-PNV,PSE-PSOE,PP,HB,EE,U.AL.,EA,EB-B,CDS,EKA,EHB,PST,AR,UVE,J.V.,EA-EE,LKI-EMK,IND. KANPEZU 91,IND. RIBERA ALTA 91,IND. AMOROTO 91,IND. ARRIETA 91,IND. BALMASEDA 91,IND. BERRIATUA 91,IND. KARRANTZA 91,IND. ELANTXOBE 91,IND. ERMUA 91,IND. ETXEBARRI 91,IND. GARAI 91,IND. GORDEXOLA 91,IND. GORLIZ 91,IND. GIZABURUAGA 91,IND. IBARRANGELU 91,IND. ISPASTER 91,IND. IZURTZA 91,IND. ORTUELLA 91,IND. SOPUERTA 91,IND. TURTZIOZ 91,IND. ZALDIBAR 91,IND. ABALTZISKETA 91,IND. ADUNA 91,IND. ALBIZTUR 91,IND. ARAMA 91,IND. BALIARRAIN 91,IND. BELAUNTZA 91,IND. 1 BERROBI 91,IND. 2 BERROBI 91,IND. BIDEGOIAN 91,IND. DONOSTIA-SS. 91,IND. ELDUAIN 91,IND. ESKORIATZA 91,IND. EZKIO-ITSASO 91,IND. GABIRIA 91,IND. 1 GAINTZA 91,IND. 2 GAINTZA 91,IND. HERNIALDE 91,IND. IKAZTEGIETA 91,IND. ITSASONDO 91,IND. LARRAUL 91,IND. LEABUR-GAZT.91,IND. LEINTZ-GATZ. 91,IND. LIZARTZA 91,IND. MUTILOA 91,IND. OLABERRIA 91,IND. ERRENTERIA 91,IND. ZALDIBIA 91,IND. ZEGAMA 91,IND. ZERAIN 91
Bizkaia,ABADIÑO,,1,3,5234,3189,27,3162,42,3120,2045,1160,714,,701,161,,384,,,,,,,,,,,,,,,,,,,,,,,,,,,,,,,,,,,,,,,,,,,,,,,,,,,,,,,,,,,,
Gipuzkoa,ABALTZISKETA,,1,3,242,115,1,114,,114,127,,,,,,,,,,,,,,,,,,,,,,,,,,,,,,,,,,,,,,,114,,,,,,,,,,,,,,,,,,,,,,,,,,,,
Bizkaia,ABANTO Y CIÉRVANA-ABANTO ZIERBENA,,2,2,7611,5095,32,5063,50,5013,2516,1052,1572,,703,1265,,170,217,34,,,,,,,,,,,,,,,,,,,,,,,,,,,,,,,,,,,,,,,,,,,,,,,,,,,,,,,,,,
Gipuzkoa,ADUNA,,2,3,262,197,5,192,32,160,65,,,,,,,,,,,,,,,,,,,,,,,,,,,,,,,,,,,,,,,,160,,,,,,,,,,,,,,,,,,,,,,,,,,,
Álava,AGURAIN/SALVATIERRA,,51,2,2821,1873,15,1858,7,1851,948,340,238,23,291,,147,812,,,,,,,,,,,,,,,,,,,,,,,,,,,,,,,,,,,,,,,,,,,,,,,,,,,,,,,,,,,,
Gipuzkoa,AIA,,16,4,1412,1010,9,1001,8,993,402,532,,,269,,,192,,,,,,,,,,,,,,,,,,,,,,,,,,,,,,,,,,,,,,,,,,,,,,,,,,,,,,,,,,,,
Gipuzkoa,AIZARNAZABAL,,3,4,411,256,6,250,57,193,155,,,,193,,,,,,,,,,,,,,,,,,,,,,,,,,,,,,,,,,,,,,,,,,,,,,,,,,,,,,,,,,,,,,,
Bizkaia,AJANGIZ,,911,4,290,261,1,260,1,259,29,86,,,139,,,34,,,,,,,,,,,,,,,,,,,,,,,,,,,,,,,,,,,,,,,,,,,,,,,,,,,,,,,,,,,,
Gipuzkoa,ALBIZTUR,,4,3,249,133,7,126,,126,116,,,,,,,,,,,,,,,,,,,,,,,,,,,,,,,,,,,,,,,,,126,,,,,,,,,,,,,,,,,,,,,,,,,,
Gipuzkoa,ALEGIA,,5,3,1339,977,16,961,15,946,362,,28,,384,,,534,,,,,,,,,,,,,,,,,,,,,,,,,,,,,,,,,,,,,,,,,,,,,,,,,,,,,,,,,,,,
Álava,ALEGRÍA-DULANTZI,,1,2,761,502,6,496,16,480,259,231,78,33,,105,33,,,,,,,,,,,,,,,,,,,,,,,,,,,,,,,,,,,,,,,,,,,,,,,,,,,,,,,,,,,,,
Gipuzkoa,ALKIZA,,6,3,217,136,9,127,12,115,81,,,,,115,,,,,,,,,,,,,,,,,,,,,,,,,,,,,,,,,,,,,,,,,,,,,,,,,,,,,,,,,,,,,,
Bizkaia,ALONSOTEGI,,912,2,2523,2134,31,2103,28,2075,389,779,50,,317,304,,618,7,,,,,,,,,,,,,,,,,,,,,,,,,,,,,,,,,,,,,,,,,,,,,,,,,,,,,,,,,,,
Gipuzkoa,ALTZAGA,,906,3,82,63,,63,6,57,19,,,,57,,,,,,,,,,,,,,,,,,,,,,,,,,,,,,,,,,,,,,,,,,,,,,,,,,,,,,,,,,,,,,,
Gipuzkoa,ALTZO,,7,3,276,214,,214,2,212,62,99,,,113,,,,,,,,,,,,,,,,,,,,,,,,,,,,,,,,,,,,,,,,,,,,,,,,,,,,,,,,,,,,,,,
Gipuzkoa,AMEZKETA,,8,3,889,396,22,374,79,295,493,,,,295,,,,,,,,,,,,,,,,,,,,,,,,,,,,,,,,,,,,,,,,,,,,,,,,,,,,,,,,,,,,,,,
Bizkaia,AMOREBIETA-ETXANO,,3,3,12390,8535,117,8418,84,8334,3855,3683,1254,,1741,408,,771,477,,,,,,,,,,,,,,,,,,,,,,,,,,,,,,,,,,,,,,,,,,,,,,,,,,,,,,,,,,,
Bizkaia,AMOROTO,,4,4,338,232,9,223,12,211,106,,,,,,,,,,,,,,,,,,,,211,,,,,,,,,,,,,,,,,,,,,,,,,,,,,,,,,,,,,,,,,,,,,,,
Álava,AMURRIO,,2,3,7364,5223,56,5167,41,5126,2141,1049,563,334,819,317,136,1908,,,,,,,,,,,,,,,,,,,,,,,,,,,,,,,,,,,,,,,,,,,,,,,,,,,,,,,,,,,,
Gipuzkoa,ANDOAIN,,9,3,11971,7518,20,7448,64,7384,4453,1155,1718,237,1641,1523,,1110,,,,,,,,,,,,,,,,,,,,,,,,,,,,,,,,,,,,,,,,,,,,,,,,,,,,,,,,,,,,
Gipuzkoa,ANOETA,,10,3,1372,946,8,938,10,928,426,115,54,,416,,,343,,,,,,,,,,,,,,,,,,,,,,,,,,,,,,,,,,,,,,,,,,,,,,,,,,,,,,,,,,,,
Gipuzkoa,ANTZUOLA,,11,4,1669,1410,3,1407,11,1396,259,441,195,,358,78,,190,,,,,,,,,,134,,,,,,,,,,,,,,,,,,,,,,,,,,,,,,,,,,,,,,,,,,,,,,,,,,
Bizkaia,ARAKALDO,,5,3,88,79,,79,,79,9,38,,,41,,,,,,,,,,,,,,,,,,,,,,,,,,,,,,,,,,,,,,,,,,,,,,,,,,,,,,,,,,,,,,,
Gipuzkoa,ARAMA,,12,3,126,76,,76,5,71,50,,,,,,,,,,,,,,,,,,,,,,,,,,,,,,,,,,,,,,,,,,71,,,,,,,,,,,,,,,,,,,,,,,,,
Álava,ARAMAIO,,3,2,1112,798,7,791,11,780,314,264,,,201,,,315,,,,,,,,,,,,,,,,,,,,,,,,,,,,,,,,,,,,,,,,,,,,,,,,,,,,,,,,,,,,
Bizkaia,ARANTZAZU,,6,3,246,226,2,224,1,223,20,123,,,100,,,,,,,,,,,,,,,,,,,,,,,,,,,,,,,,,,,,,,,,,,,,,,,,,,,,,,,,,,,,,,,
Bizkaia,AREATZA,,93,3,958,763,9,754,14,740,195,390,5,60,121,100,,60,,,4,,,,,,,,,,,,,,,,,,,,,,,,,,,,,,,,,,,,,,,,,,,,,,,,,,,,,,,,,
Gipuzkoa,ARETXABALETA,,13,4,4756,3336,19,3317,34,3283,1420,798,517,,886,112,,970,,,,,,,,,,,,,,,,,,,,,,,,,,,,,,,,,,,,,,,,,,,,,,,,,,,,,,,,,,,,
Álava,ARMIÑÓN,,6,2,127,81,11,70,7,63,46,,,63,,,,,,,,,,,,,,,,,,,,,,,,,,,,,,,,,,,,,,,,,,,,,,,,,,,,,,,,,,,,,,,,
Álava,ARRAIA-MAEZTU,,37,2,684,376,7,369,4,365,308,176,48,58,,,28,55,,,,,,,,,,,,,,,,,,,,,,,,,,,,,,,,,,,,,,,,,,,,,,,,,,,,,,,,,,,,
Bizkaia,ARRANKUDIAGA,,9,3,639,573,1,572,2,570,66,330,0,,216,,,24,,,,,,,,,,,,,,,,,,,,,,,,,,,,,,,,,,,,,,,,,,,,,,,,,,,,,,,,,,,,
Gipuzkoa,ARRASATE/MONDRAGON,,55,4,20218,12992,64,12867,74,12793,7226,2749,3104,415,3133,736,,1965,318,,,,,,,,,373,,,,,,,,,,,,,,,,,,,,,,,,,,,,,,,,,,,,,,,,,,,,,,,,,,
Álava,ARRATZUA-UBARRUNDIA,,8,2,534,344,12,332,5,327,190,150,92,31,54,,,,,,,,,,,,,,,,,,,,,,,,,,,,,,,,,,,,,,,,,,,,,,,,,,,,,,,,,,,,,,,
Bizkaia,ARRIETA,,10,4,389,292,3,289,2,287,97,172,,,52,,,,,,,,,,,,,,,,,63,,,,,,,,,,,,,,,,,,,,,,,,,,,,,,,,,,,,,,,,,,,,,,
Bizkaia,ARRIGORRIAGA,,11,3,7422,4452,76,4376,89,4287,2970,1988,982,,962,,,278,77,,,,,,,,,,,,,,,,,,,,,,,,,,,,,,,,,,,,,,,,,,,,,,,,,,,,,,,,,,,
Bizkaia,ARTEA,,23,3,537,483,5,478,13,465,54,223,,,104,,,138,,,,,,,,,,,,,,,,,,,,,,,,,,,,,,,,,,,,,,,,,,,,,,,,,,,,,,,,,,,,
Bizkaia,ARTZENTALES,,8,2,591,450,3,447,9,438,141,358,6,,,,,74,,,,,,,,,,,,,,,,,,,,,,,,,,,,,,,,,,,,,,,,,,,,,,,,,,,,,,,,,,,,
Álava,ARTZINIEGA,,4,3,919,738,8,730,8,722,181,343,50,119,140,,18,52,,,,,,,,,,,,,,,,,,,,,,,,,,,,,,,,,,,,,,,,,,,,,,,,,,,,,,,,,,,,
Álava,ASPARRENA,,9,2,1311,892,9,883,9,872,419,270,136,22,173,116,24,131,,,,,,,,,,,,,,,,,,,,,,,,,,,,,,,,,,,,,,,,,,,,,,,,,,,,,,,,,,,,
Gipuzkoa,ASTEASU,,14,3,952,695,7,688,12,676,257,,,,355,,,321,,,,,,,,,,,,,,,,,,,,,,,,,,,,,,,,,,,,,,,,,,,,,,,,,,,,,,,,,,,,
Gipuzkoa,ASTIGARRAGA,,903,1,2484,1733,8,1725,13,1712,751,316,79,,732,39,,546,,,,,,,,,,,,,,,,,,,,,,,,,,,,,,,,,,,,,,,,,,,,,,,,,,,,,,,,,,,,
Gipuzkoa,ATAUN,,15,3,1488,1179,5,1174,3,1171,309,172,,,492,169,,338,,,,,,,,,,,,,,,,,,,,,,,,,,,,,,,,,,,,,,,,,,,,,,,,,,,,,,,,,,,,
Bizkaia,ATXONDO,,91,3,1158,849,3,846,15,831,309,548,20,,225,,,38,,,,,,,,,,,,,,,,,,,,,,,,,,,,,,,,,,,,,,,,,,,,,,,,,,,,,,,,,,,,
Bizkaia,AULESTI,,70,4,596,434,2,432,4,428,162,207,,,221,,,,,,,,,,,,,,,,,,,,,,,,,,,,,,,,,,,,,,,,,,,,,,,,,,,,,,,,,,,,,,,
Álava,AYALA/AIARA,,10,3,1743,1285,9,1276,19,1257,458,583,19,260,156,,34,205,,,,,,,,,,,,,,,,,,,,,,,,,,,,,,,,,,,,,,,,,,,,,,,,,,,,,,,,,,,,
Gipuzkoa,AZKOITIA,,17,4,8403,5248,37,5211,40,5171,3155,2665,541,246,831,261,,627,,,,,,,,,,,,,,,,,,,,,,,,,,,,,,,,,,,,,,,,,,,,,,,,,,,,,,,,,,,,
Gipuzkoa,AZPEITIA,,18,4,10258,6790,43,6747,82,6665,3468,3305,226,,1038,326,,1770,,,,,,,,,,,,,,,,,,,,,,,,,,,,,,,,,,,,,,,,,,,,,,,,,,,,,,,,,,,,
Álava,AÑANA,,49,2,173,146,9,137,2,135,27,68,61,,21,,,,,,,,,,,,,,,,,,,,,,,,,,,,,,,,,,,,,,,,,,,,,,,,,,,,,,,,,,,,,,,
Bizkaia,BAKIO,,12,4,1023,822,28,794,7,787,201,525,9,,127,29,,97,,,,,,,,,,,,,,,,,,,,,,,,,,,,,,,,,,,,,,,,,,,,,,,,,,,,,,,,,,,,
Gipuzkoa,BALIARRAIN,,904,3,88,58,,58,,58,30,,,,,,,,,,,,,,,,,,,,,,,,,,,,,,,,,,,,,,,,,,,58,,,,,,,,,,,,,,,,,,,,,,,,
Bizkaia,BALMASEDA,,90,2,6171,4550,50,4500,27,4473,1621,2020,813,165,501,,,404,,,,,,,,,,,,,,,570,,,,,,,,,,,,,,,,,,,,,,,,,,,,,,,,,,,,,,,,,,,,,
Bizkaia,BARAKALDO,,13,2,86085,46804,369,46435,471,45964,39281,12875,14756,3851,6332,3044,,2501,1992,420,,,193,,,,,,,,,,,,,,,,,,,,,,,,,,,,,,,,,,,,,,,,,,,,,,,,,,,,,,,
Bizkaia,BARRIKA,,14,4,598,404,4,400,5,395,194,230,7,,103,43,,12,,,,,,,,,,,,,,,,,,,,,,,,,,,,,,,,,,,,,,,,,,,,,,,,,,,,,,,,,,,,
Álava,BARRUNDIA,,13,2,497,242,6,236,9,227,255,159,,26,42,,,,,,,,,,,,,,,,,,,,,,,,,,,,,,,,,,,,,,,,,,,,,,,,,,,,,,,,,,,,,,,
Bizkaia,BASAURI,,15,3,39761,21814,143,22047,198,21849,17947,7815,7057,1097,3103,1169,,752,651,187,18,,,,,,,,,,,,,,,,,,,,,,,,,,,,,,,,,,,,,,,,,,,,,,,,,,,,,,,,,
Álava,BAÑOS DE EBRO/MAÑUETA,,11,2,294,223,4,219,12,207,71,116,,,,,91,,,,,,,,,,,,,,,,,,,,,,,,,,,,,,,,,,,,,,,,,,,,,,,,,,,,,,,,,,,,,
Gipuzkoa,BEASAIN,,19,3,9693,6120,22,6098,51,6047,3573,1470,1130,144,1331,757,,1215,,,,,,,,,,,,,,,,,,,,,,,,,,,,,,,,,,,,,,,,,,,,,,,,,,,,,,,,,,,,
Bizkaia,BEDIA,,92,3,879,760,9,751,11,740,119,537,,,91,,,112,,,,,,,,,,,,,,,,,,,,,,,,,,,,,,,,,,,,,,,,,,,,,,,,,,,,,,,,,,,,
Gipuzkoa,BEIZAMA,,20,4,161,142,1,141,7,134,19,69,,,46,,,20,,,,,,,,,,,,,,,,,,,,,,,,,,,,,,,,,,,,,,,,,,,,,,,,,,,,,,,,,,,,
Gipuzkoa,BELAUNTZA,,21,3,214,188,,188,1,187,26,,,,103,,,,,,,,,,,,,,,,,,,,,,,,,,,,,,,,,,,,,,,,84,,,,,,,,,,,,,,,,,,,,,,,
Bizkaia,BERANGO,,16,4,3127,2110,35,2075,25,2050,1017,860,232,,470,136,,289,,,,,63,,,,,,,,,,,,,,,,,,,,,,,,,,,,,,,,,,,,,,,,,,,,,,,,,,,,,,,
Álava,BERANTEVILLA,,14,2,340,267,4,263,6,257,73,163,,,,,94,,,,,,,,,,,,,,,,,,,,,,,,,,,,,,,,,,,,,,,,,,,,,,,,,,,,,,,,,,,,,
Gipuzkoa,BERASTEGI,,22,3,760,537,4,533,3,530,223,160,,,152,,,218,,,,,,,,,,,,,,,,,,,,,,,,,,,,,,,,,,,,,,,,,,,,,,,,,,,,,,,,,,,,
Gipuzkoa,BERGARA,,74,4,12662,8135,34,8099,48,8051,4527,2801,742,,2650,436,,1084,,,,,,,,,,338,,,,,,,,,,,,,,,,,,,,,,,,,,,,,,,,,,,,,,,,,,,,,,,,,,
Bizkaia,BERMEO,,17,4,14639,9446,66,9380,59,9321,5193,3090,579,,1980,686,,2986,,,,,,,,,,,,,,,,,,,,,,,,,,,,,,,,,,,,,,,,,,,,,,,,,,,,,,,,,,,,
Álava,BERNEDO,,16,2,505,250,3,247,7,240,255,125,38,51,,,26,,,,,,,,,,,,,,,,,,,,,,,,,,,,,,,,,,,,,,,,,,,,,,,,,,,,,,,,,,,,,
Bizkaia,BERRIATUA,,18,4,870,319,14,305,10,295,551,,,,,,,,,,,,,,,,,,,,,,,295,,,,,,,,,,,,,,,,,,,,,,,,,,,,,,,,,,,,,,,,,,,,
Bizkaia,BERRIZ,,19,3,3354,2319,15,2304,26,2278,1035,1081,249,,396,362,,190,,,,,,,,,,,,,,,,,,,,,,,,,,,,,,,,,,,,,,,,,,,,,,,,,,,,,,,,,,,,
Gipuzkoa,BERROBI,,23,3,463,339,,339,,339,124,,,,,,,,,,,,,,,,,,,,,,,,,,,,,,,,,,,,,,,,,,,,,239,100,,,,,,,,,,,,,,,,,,,,,
Gipuzkoa,BIDANIA-GOIATZ,,24,4,410,350,1,349,1,348,60,116,,,,,,145,,,,,,,,,,,,,,,,,,,,,,,,,,,,,,,,,,,,,,,,87,,,,,,,,,,,,,,,,,,,,
Bizkaia,BILBAO,,20,1,311964,167244,1238,166006,1636,164370,144720,57639,34849,23436,20180,11504,,10370,2864,1260,157,1449,447,215,,,,,,,,,,,,,,,,,,,,,,,,,,,,,,,,,,,,,,,,,,,,,,,,,,,,,,
Bizkaia,BUSTURIA,,21,4,1403,1068,2,1066,13,1053,335,488,25,,345,11,,184,,,,,,,,,,,,,,,,,,,,,,,,,,,,,,,,,,,,,,,,,,,,,,,,,,,,,,,,,,,,
Álava,CAMPEZO/KANPEZU,,17,2,978,676,3,673,9,664,302,279,74,176,,,19,64,,,,,,,,,,,52,,,,,,,,,,,,,,,,,,,,,,,,,,,,,,,,,,,,,,,,,,,,,,,,,
Gipuzkoa,DEBA,,29,4,3836,2735,15,2720,21,2699,1101,585,176,,637,483,,818,,,,,,,,,,,,,,,,,,,,,,,,,,,,,,,,,,,,,,,,,,,,,,,,,,,,,,,,,,,,
Bizkaia,DERIO,,901,4,4114,2661,74,2587,26,2561,1453,1134,518,,321,361,,227,,,,,,,,,,,,,,,,,,,,,,,,,,,,,,,,,,,,,,,,,,,,,,,,,,,,,,,,,,,,
Bizkaia,DIMA,,26,3,883,795,6,789,6,783,88,274,,,444,,,65,,,,,,,,,,,,,,,,,,,,,,,,,,,,,,,,,,,,,,,,,,,,,,,,,,,,,,,,,,,,
Gipuzkoa,DONOSTIA/SAN SEBASTIÁN,,69,1,142922,80274,400,79874,792,79082,62648,12170,13526,13036,13791,6922,,17859,809,300,,587,,,,,,,,,,,,,,,,,,,,,,,,,,,,,,,,,,,,,82,,,,,,,,,,,,,,,,,,,
Bizkaia,DURANGO,,27,3,17636,10933,79,10854,85,10769,6703,4516,1337,1235,1875,823,,816,167,,,,,,,,,,,,,,,,,,,,,,,,,,,,,,,,,,,,,,,,,,,,,,,,,,,,,,,,,,,
Bizkaia,EA,,28,4,706,540,3,537,2,535,166,305,,,131,8,,91,,,,,,,,,,,,,,,,,,,,,,,,,,,,,,,,,,,,,,,,,,,,,,,,,,,,,,,,,,,,
Gipuzkoa,EIBAR,,30,4,27349,16256,57,16199,114,16085,11093,3713,4981,1057,2954,765,,2101,514,,,,,,,,,,,,,,,,,,,,,,,,,,,,,,,,,,,,,,,,,,,,,,,,,,,,,,,,,,,
Bizkaia,ELANTXOBE,,31,4,458,392,,392,2,390,66,153,,,120,,,36,,,,,,,,,,,,,,,,,,81,,,,,,,,,,,,,,,,,,,,,,,,,,,,,,,,,,,,,,,,,,
Álava,ELBURGO/BURGELU,,21,2,179,67,2,65,7,58,112,58,,,,,,,,,,,,,,,,,,,,,,,,,,,,,,,,,,,,,,,,,,,,,,,,,,,,,,,,,,,,,,,,,,
Álava,ELCIEGO,,22,2,753,620,13,607,1,606,133,69,262,81,,,9,185,,,,,,,,,,,,,,,,,,,,,,,,,,,,,,,,,,,,,,,,,,,,,,,,,,,,,,,,,,,,
Gipuzkoa,ELDUAIN,,31,3,228,191,1,190,2,188,37,,,,83,,,,,,,,,,,,,,,,,,,,,,,,,,,,,,,,,,,,,,,,,,,,,105,,,,,,,,,,,,,,,,,,
Gipuzkoa,ELGETA,,33,4,818,591,16,575,20,555,227,384,5,,166,,,,,,,,,,,,,,,,,,,,,,,,,,,,,,,,,,,,,,,,,,,,,,,,,,,,,,,,,,,,,,,
Gipuzkoa,ELGOIBAR,,32,4,9681,6248,36,6212,62,6150,3433,2631,859,,1220,564,,876,,,,,,,,,,,,,,,,,,,,,,,,,,,,,,,,,,,,,,,,,,,,,,,,,,,,,,,,,,,,
Bizkaia,ELORRIO,,32,3,6052,4258,31,4227,30,4197,1794,1602,439,168,924,738,,326,,,,,,,,,,,,,,,,,,,,,,,,,,,,,,,,,,,,,,,,,,,,,,,,,,,,,,,,,,,,
Álava,ELVILLAR/BILAR,,23,2,332,280,2,278,2,276,52,153,,,,,123,,,,,,,,,,,,,,,,,,,,,,,,,,,,,,,,,,,,,,,,,,,,,,,,,,,,,,,,,,,,,
Bizkaia,ERANDIO,,902,4,19329,10120,127,9993,97,9896,9209,3639,2616,366,1569,715,,689,148,,,,64,90,,,,,,,,,,,,,,,,,,,,,,,,,,,,,,,,,,,,,,,,,,,,,,,,,,,,,,
Bizkaia,EREÑO,,33,4,233,196,16,180,9,171,37,69,,,102,,,,,,,,,,,,,,,,,,,,,,,,,,,,,,,,,,,,,,,,,,,,,,,,,,,,,,,,,,,,,,,
Bizkaia,ERMUA,,34,3,14188,8582,38,8544,82,8462,5606,1123,4161,695,796,525,,381,466,,,,,,,,,,,,,,,,,,315,,,,,,,,,,,,,,,,,,,,,,,,,,,,,,,,,,,,,,,,,
Gipuzkoa,ERRENTERIA,,67,2,33123,18360,132,18228,133,18096,14763,1820,6574,750,4777,1717,,1895,378,137,,,,,,,,,,,,,,,,,,,,,,,,,,,,,,,,,,,,,,,,,,,,,,,,,,,,,,,48,,,
Gipuzkoa,ERREZIL,,66,4,583,413,2,411,3,408,170,77,,,259,,,72,,,,,,,,,,,,,,,,,,,,,,,,,,,,,,,,,,,,,,,,,,,,,,,,,,,,,,,,,,,,
Álava,ERRIBERAGOITIA/RIBERA ALTA,,46,2,474,403,2,401,2,399,71,173,13,50,,,116,,,,,,,,,,,,,47,,,,,,,,,,,,,,,,,,,,,,,,,,,,,,,,,,,,,,,,,,,,,,,,
Bizkaia,ERRIGOITI,,79,4,408,349,,349,1,348,59,157,,,108,,,83,,,,,,,,,,,,,,,,,,,,,,,,,,,,,,,,,,,,,,,,,,,,,,,,,,,,,,,,,,,,
Gipuzkoa,ESKORIATZA,,34,4,3062,1981,2,1979,6,1973,1081,320,299,,424,90,,546,,,,,,,,,,,,,,,,,,,,,,,,,,,,,,,,,,,,,,,,,,,294,,,,,,,,,,,,,,,,,
Bizkaia,ETXEBARRI,,29,3,4637,3099,39,3060,18,3042,1538,374,686,71,268,78,,394,,16,,,,,,,,,,,,,,,,,,1155,,,,,,,,,,,,,,,,,,,,,,,,,,,,,,,,,,,,,,,,
Bizkaia,ETXEBARRIA,,30,4,625,336,26,310,85,225,289,,,,225,,,,,,,,,,,,,,,,,,,,,,,,,,,,,,,,,,,,,,,,,,,,,,,,,,,,,,,,,,,,,,,
Gipuzkoa,EZKIO-ITSASO,,35,3,480,404,3,401,3,398,76,,,,192,,,,,,,,,,,,,,,,,,,,,,,,,,,,,,,,,,,,,,,,,,,,,,,206,,,,,,,,,,,,,,,,
Bizkaia,FORUA,,906,4,768,583,,583,6,577,185,206,8,,256,,,107,,,,,,,,,,,,,,,,,,,,,,,,,,,,,,,,,,,,,,,,,,,,,,,,,,,,,,,,,,,,
Bizkaia,FRUIZ,,35,4,291,199,1,198,,198,92,131,,,51,,,11,,,,,,,,,,,,,,,,,,,,,,,,,,,,,,,,,,,,,,,,,,,,,,,,,,,,,,,,,,,,
Gipuzkoa,GABIRIA,,38,3,365,299,,299,3,296,66,,,,,,,192,,,,,,,,,,,,,,,,,,,,,,,,,,,,,,,,,,,,,,,,,,,,,104,,,,,,,,,,,,,,,
Gipuzkoa,GAINTZA,,37,3,112,96,,96,2,94,16,,,,,,,,,,,,,,,,,,,,,,,,,,,,,,,,,,,,,,,,,,,,,,,,,,,,,53,42,,,,,,,,,,,,,
Bizkaia,GALDAKAO,,36,3,21245,12156,99,12057,109,11948,9089,3983,2318,462,2447,662,,1509,567,,,,,,,,,,,,,,,,,,,,,,,,,,,,,,,,,,,,,,,,,,,,,,,,,,,,,,,,,,,
Bizkaia,GALDAMES,,37,2,692,588,5,583,3,580,104,355,24,,53,55,,93,,,,,,,,,,,,,,,,,,,,,,,,,,,,,,,,,,,,,,,,,,,,,,,,,,,,,,,,,,,,
Bizkaia,GAMIZ-FIKA,,38,4,741,528,4,524,5,519,213,319,,,154,,,46,,,,,,,,,,,,,,,,,,,,,,,,,,,,,,,,,,,,,,,,,,,,,,,,,,,,,,,,,,,,
Bizkaia,GARAI,,39,3,210,188,2,186,7,179,22,112,,,,,,11,,,,,,,,,,,,,,,,,,,,,56,,,,,,,,,,,,,,,,,,,,,,,,,,,,,,,,,,,,,,,
Bizkaia,GATIKA,,40,4,700,581,4,577,9,568,119,250,,,139,,,179,,,,,,,,,,,,,,,,,,,,,,,,,,,,,,,,,,,,,,,,,,,,,,,,,,,,,,,,,,,,
Bizkaia,GAUTEGIZ ARTEAGA,,41,4,651,516,7,509,12,497,135,323,,,103,,,71,,,,,,,,,,,,,,,,,,,,,,,,,,,,,,,,,,,,,,,,,,,,,,,,,,,,,,,,,,,,
Bizkaia,GERNIKA-LUMO,,46,4,12778,8689,84,8605,61,8544,4089,3400,686,290,2105,624,,1439,,,,,,,,,,,,,,,,,,,,,,,,,,,,,,,,,,,,,,,,,,,,,,,,,,,,,,,,,,,,
Gipuzkoa,GETARIA,,39,4,1851,1556,13,1543,12,1531,295,692,,,394,,,,,,,,,,,,445,,,,,,,,,,,,,,,,,,,,,,,,,,,,,,,,,,,,,,,,,,,,,,,,,,,
Bizkaia,GETXO,,44,4,61458,35010,263,34747,481,34266,26448,13164,3563,7034,4333,2645,,3000,400,127,,,,,,,,,,,,,,,,,,,,,,,,,,,,,,,,,,,,,,,,,,,,,,,,,,,,,,,,,,
Bizkaia,GIZABURUAGA,,47,4,127,104,,104,,104,23,,,,36,,,,,,,,,,,,,,,,,,,,,,,,,,,71,,,,,,,,,,,,,,,,,,,,,,,,,,,,,,,,,,,,
Bizkaia,GORDEXOLA,,42,2,1280,997,22,975,12,963,283,585,26,57,124,,,89,,,,,,,,,,,,,,,,,,,,,,82,,,,,,,,,,,,,,,,,,,,,,,,,,,,,,,,,,,,,,
Bizkaia,GORLIZ,,43,4,2253,1515,48,1467,22,1445,738,671,12,,173,194,,134,,,,,,,,,,,,,,,,,,,,,,,261,,,,,,,,,,,,,,,,,,,,,,,,,,,,,,,,,,,,,
Bizkaia,GÜEÑES,,45,2,4954,3891,46,3845,24,3821,1063,1924,379,50,657,,,811,,,,,,,,,,,,,,,,,,,,,,,,,,,,,,,,,,,,,,,,,,,,,,,,,,,,,,,,,,,,
Álava,HARANA/VALLE DE ARANA,,56,2,370,272,,272,1,271,98,85,,64,43,33,46,,,,,,,,,,,,,,,,,,,,,,,,,,,,,,,,,,,,,,,,,,,,,,,,,,,,,,,,,,,,,
Gipuzkoa,HERNANI,,40,1,14858,9031,30,9001,74,8927,5827,1077,1696,258,3258,677,,1476,,,,,,,,,,485,,,,,,,,,,,,,,,,,,,,,,,,,,,,,,,,,,,,,,,,,,,,,,,,,,
Gipuzkoa,HERNIALDE,,41,3,220,76,4,72,,72,144,,,,,,,,,,,,,,,,,,,,,,,,,,,,,,,,,,,,,,,,,,,,,,,,,,,,,,,72,,,,,,,,,,,,
Gipuzkoa,HONDARRIBIA,,36,2,10559,6257,32,6225,59,6166,4302,1259,583,277,1580,602,,1865,,,,,,,,,,,,,,,,,,,,,,,,,,,,,,,,,,,,,,,,,,,,,,,,,,,,,,,,,,,,
Gipuzkoa,IBARRA,,42,3,3312,2121,4,2117,17,2100,1191,309,338,,663,202,,588,,,,,,,,,,,,,,,,,,,,,,,,,,,,,,,,,,,,,,,,,,,,,,,,,,,,,,,,,,,,
Bizkaia,IBARRANGELU,,48,4,482,411,3,408,1,407,71,224,,,80,,,26,,,,,,,,,,,,,,,,,,,,,,,,,77,,,,,,,,,,,,,,,,,,,,,,,,,,,,,,,,,,,
Gipuzkoa,IDIAZABAL,,43,3,1625,1245,10,1235,15,1220,380,278,,,243,107,,592,,,,,,,,,,,,,,,,,,,,,,,,,,,,,,,,,,,,,,,,,,,,,,,,,,,,,,,,,,,,
Bizkaia,IGORRE,,94,3,2816,2291,36,2255,20,2235,525,1148,69,,566,,,452,,,,,,,,,,,,,,,,,,,,,,,,,,,,,,,,,,,,,,,,,,,,,,,,,,,,,,,,,,,,
Gipuzkoa,IKAZTEGIETA,,44,3,310,257,3,254,3,251,53,,,,123,,,,,,,,,,,,,,,,,,,,,,,,,,,,,,,,,,,,,,,,,,,,,,,,,,,,128,,,,,,,,,,,
Gipuzkoa,IRUN,,45,2,42978,23394,153,23241,248,22993,19584,4538,7282,2296,3266,2017,,2678,470,446,,,,,,,,,,,,,,,,,,,,,,,,,,,,,,,,,,,,,,,,,,,,,,,,,,,,,,,,,,
Gipuzkoa,IRURA,,46,3,525,399,10,389,10,379,126,198,,,181,,,,,,,,,,,,,,,,,,,,,,,,,,,,,,,,,,,,,,,,,,,,,,,,,,,,,,,,,,,,,,,
Álava,IRURAIZ-GAUNA,,27,2,365,214,3,211,5,206,151,102,,21,42,,41,,,,,,,,,,,,,,,,,,,,,,,,,,,,,,,,,,,,,,,,,,,,,,,,,,,,,,,,,,,,,
Álava,IRUÑA OKA/IRUÑA DE OCA,,901,2,1238,920,6,914,9,905,318,236,327,115,65,30,103,29,,,,,,,,,,,,,,,,,,,,,,,,,,,,,,,,,,,,,,,,,,,,,,,,,,,,,,,,,,,,
Bizkaia,ISPASTER,,49,4,522,437,6,431,2,429,85,310,,,,,,,,,,,,,,,,,,,,,,,,,,,,,,,,119,,,,,,,,,,,,,,,,,,,,,,,,,,,,,,,,,,
Gipuzkoa,ITSASONDO,,47,3,560,391,1,390,5,385,169,,,,151,,,,,,,,,,,,,,,,,,,,,,,,,,,,,,,,,,,,,,,,,,,,,,,,,,,,,234,,,,,,,,,,
Bizkaia,IURRETA,,910,3,3947,2722,17,2705,28,2677,1225,958,648,109,650,103,,176,33,,,,,,,,,,,,,,,,,,,,,,,,,,,,,,,,,,,,,,,,,,,,,,,,,,,,,,,,,,,
Bizkaia,IZURTZA,,50,3,221,201,2,199,8,191,20,92,,,,,,,,,,,,,,,,,,,,,,,,,,,,,,,,,99,,,,,,,,,,,,,,,,,,,,,,,,,,,,,,,,,
Bizkaia,KARRANTZA HARANA/VALLE DE CARRANZA,,22,2,2736,2147,2,2145,10,2135,589,705,51,,215,,,86,,,,,,,,,,,,,,,,,1078,,,,,,,,,,,,,,,,,,,,,,,,,,,,,,,,,,,,,,,,,,,
Bizkaia,KORTEZUBI,,907,4,328,282,,282,4,278,46,218,,,60,,,,,,,,,,,,,,,,,,,,,,,,,,,,,,,,,,,,,,,,,,,,,,,,,,,,,,,,,,,,,,,
Álava,KRIPAN,,19,2,177,110,2,108,1,107,67,107,,,,,,,,,,,,,,,,,,,,,,,,,,,,,,,,,,,,,,,,,,,,,,,,,,,,,,,,,,,,,,,,,,
Álava,KUARTANGO,,20,2,314,233,9,224,5,219,81,152,,,67,,,,,,,,,,,,,,,,,,,,,,,,,,,,,,,,,,,,,,,,,,,,,,,,,,,,,,,,,,,,,,,
Álava,LABASTIDA/BASTIDA,,28,2,771,572,7,565,5,560,199,75,81,60,121,,189,34,,,,,,,,,,,,,,,,,,,,,,,,,,,,,,,,,,,,,,,,,,,,,,,,,,,,,,,,,,,,
Álava,LAGRÁN,,30,2,187,135,9,126,3,123,52,74,32,,,,12,,,,,,,,,,,,,,,,,,,,,,,,,,,,,,,,,,,,,,,,,,,,,,,,,,,,,,,,,,,,,
Álava,LAGUARDIA,,31,2,1234,975,9,966,5,961,259,371,80,283,49,,128,50,,,,,,,,,,,,,,,,,,,,,,,,,,,,,,,,,,,,,,,,,,,,,,,,,,,,,,,,,,,,
Álava,LANCIEGO/LANTZIEGO,,32,2,537,427,5,422,5,417,110,222,135,,,,60,,,,,,,,,,,,,,,,,,,,,,,,,,,,,,,,,,,,,,,,,,,,,,,,,,,,,,,,,,,,,
Bizkaia,LANESTOSA,,51,2,269,239,3,236,1,235,30,150,84,,,,,,,1,,,,,,,,,,,,,,,,,,,,,,,,,,,,,,,,,,,,,,,,,,,,,,,,,,,,,,,,,,
Álava,LANTARÓN,,902,2,696,509,6,503,5,498,187,312,36,37,,,113,,,,,,,,,,,,,,,,,,,,,,,,,,,,,,,,,,,,,,,,,,,,,,,,,,,,,,,,,,,,,
Álava,LAPUEBLA DE LABARCA,,33,2,640,543,6,537,5,532,97,332,32,101,,,,67,,,,,,,,,,,,,,,,,,,,,,,,,,,,,,,,,,,,,,,,,,,,,,,,,,,,,,,,,,,,
Bizkaia,LARRABETZU,,52,4,1245,1034,16,1018,4,1014,211,634,,,380,,,,,,,,,,,,,,,,,,,,,,,,,,,,,,,,,,,,,,,,,,,,,,,,,,,,,,,,,,,,,,,
Gipuzkoa,LARRAUL,,48,3,136,62,2,60,1,59,74,,,,,,,,,,,,,,,,,,,,,,,,,,,,,,,,,,,,,,,,,,,,,,,,,,,,,,,,,,59,,,,,,,,,
Gipuzkoa,LASARTE-ORIA,,902,1,13816,8593,36,8557,77,8480,5223,839,4099,250,1596,400,,1243,,53,,,,,,,,,,,,,,,,,,,,,,,,,,,,,,,,,,,,,,,,,,,,,,,,,,,,,,,,,,
Álava,LAUDIO/LLODIO,,36,3,16268,10817,112,10705,87,10618,5451,3330,1807,786,2707,561,281,1146,,,,,,,,,,,,,,,,,,,,,,,,,,,,,,,,,,,,,,,,,,,,,,,,,,,,,,,,,,,,
Bizkaia,LAUKIZ,,53,4,775,570,16,554,25,529,205,383,15,,,,,131,,,,,,,,,,,,,,,,,,,,,,,,,,,,,,,,,,,,,,,,,,,,,,,,,,,,,,,,,,,,
Gipuzkoa,LAZKAO,,49,3,3946,2685,30,2655,15,2640,1261,926,358,,784,219,,353,,,,,,,,,,,,,,,,,,,,,,,,,,,,,,,,,,,,,,,,,,,,,,,,,,,,,,,,,,,,
Gipuzkoa,LEABURU,,50,3,503,373,4,369,7,362,130,,,,238,,,,,,,,,,,,,,,,,,,,,,,,,,,,,,,,,,,,,,,,,,,,,,,,,,,,,,,124,,,,,,,,
Gipuzkoa,LEGAZPI,,51,3,8164,5563,40,5523,45,5478,2601,1553,606,,998,899,,1422,,,,,,,,,,,,,,,,,,,,,,,,,,,,,,,,,,,,,,,,,,,,,,,,,,,,,,,,,,,,
Gipuzkoa,LEGORRETA,,52,3,1200,878,2,876,14,862,322,322,,,228,312,,,,,,,,,,,,,,,,,,,,,,,,,,,,,,,,,,,,,,,,,,,,,,,,,,,,,,,,,,,,,,
Álava,LEGUTIO,,58,2,998,609,10,599,16,583,389,274,,,164,,25,120,,,,,,,,,,,,,,,,,,,,,,,,,,,,,,,,,,,,,,,,,,,,,,,,,,,,,,,,,,,,
Gipuzkoa,LEINTZ-GATZAGA,,68,4,184,144,3,141,22,119,40,,,,,,,,,,,,,,,,,,,,,,,,,,,,,,,,,,,,,,,,,,,,,,,,,,,,,,,,,,,,119,,,,,,,
Bizkaia,LEIOA,,54,4,17889,10018,108,9910,119,9791,7871,3895,1979,553,1494,895,,570,383,,,,,22,,,,,,,,,,,,,,,,,,,,,,,,,,,,,,,,,,,,,,,,,,,,,,,,,,,,,,
Bizkaia,LEKEITIO,,57,4,6160,4493,22,4471,32,4439,1667,1684,17,,1498,226,,1014,,,,,,,,,,,,,,,,,,,,,,,,,,,,,,,,,,,,,,,,,,,,,,,,,,,,,,,,,,,,
Bizkaia,LEMOA,,55,3,2283,1981,31,1950,30,1920,302,1052,7,,304,28,,529,,,,,,,,,,,,,,,,,,,,,,,,,,,,,,,,,,,,,,,,,,,,,,,,,,,,,,,,,,,,
Bizkaia,LEMOIZ,,56,4,669,502,2,500,7,493,167,298,,,111,40,,44,,,,,,,,,,,,,,,,,,,,,,,,,,,,,,,,,,,,,,,,,,,,,,,,,,,,,,,,,,,,
Álava,LEZA,,34,2,168,130,4,126,7,119,38,35,41,,,,,65,,,,,,,,,,,,,,,,,,,,,,,,,,,,,,,,,,,,,,,,,,,,,,,,,,,,,,,,,,,,
Bizkaia,LEZAMA,,81,4,1543,1140,11,1129,12,1117,403,784,19,33,259,22,,,,,,,,,,,,,,,,,,,,,,,,,,,,,,,,,,,,,,,,,,,,,,,,,,,,,,,,,,,,,,
Gipuzkoa,LEZO,,53,2,4120,2513,17,2496,21,2475,1607,399,383,,1052,250,,391,,,,,,,,,,,,,,,,,,,,,,,,,,,,,,,,,,,,,,,,,,,,,,,,,,,,,,,,,,,,
Gipuzkoa,LIZARTZA,,54,3,591,543,6,537,5,532,48,,,,282,,,,,,,,,,,,,,,,,,,,,,,,,,,,,,,,,,,,,,,,,,,,,,,,,,,,,,,,,250,,,,,,
Bizkaia,LOIU,,903,4,1510,1056,16,1040,15,1025,454,583,,93,173,31,,145,,,,,,,,,,,,,,,,,,,,,,,,,,,,,,,,,,,,,,,,,,,,,,,,,,,,,,,,,,,,
Bizkaia,MALLABIA,,58,3,889,716,12,704,10,694,173,273,75,,336,10,,,,,,,,,,,,,,,,,,,,,,,,,,,,,,,,,,,,,,,,,,,,,,,,,,,,,,,,,,,,,,
Bizkaia,MARKINA-XEMEIN,,60,4,4078,2542,19,2523,25,2498,1536,1414,29,,723,,,332,,,,,,,,,,,,,,,,,,,,,,,,,,,,,,,,,,,,,,,,,,,,,,,,,,,,,,,,,,,,
Bizkaia,MARURI-JATABE,,61,4,413,301,1,300,9,291,112,170,,,36,,,85,,,,,,,,,,,,,,,,,,,,,,,,,,,,,,,,,,,,,,,,,,,,,,,,,,,,,,,,,,,,
Bizkaia,MAÑARIA,,59,3,425,348,3,345,5,340,77,201,,,106,,,33,,,,,,,,,,,,,,,,,,,,,,,,,,,,,,,,,,,,,,,,,,,,,,,,,,,,,,,,,,,,
Gipuzkoa,MENDARO,,901,4,1230,849,14,835,11,824,381,391,82,,210,,,141,,,,,,,,,,,,,,,,,,,,,,,,,,,,,,,,,,,,,,,,,,,,,,,,,,,,,,,,,,,,
Bizkaia,MENDATA,,62,4,313,259,9,250,9,241,54,171,,,,,,70,,,,,,,,,,,,,,,,,,,,,,,,,,,,,,,,,,,,,,,,,,,,,,,,,,,,,,,,,,,,
Bizkaia,MENDEXA,,63,4,319,258,1,257,3,254,61,157,,,97,,,,,,,,,,,,,,,,,,,,,,,,,,,,,,,,,,,,,,,,,,,,,,,,,,,,,,,,,,,,,,,
Bizkaia,MEÑAKA,,64,4,349,301,2,299,,299,48,100,,,33,,,166,,,,,,,,,,,,,,,,,,,,,,,,,,,,,,,,,,,,,,,,,,,,,,,,,,,,,,,,,,,,
Álava,MOREDA DE ÁLAVA/MOREDA ARABA,,39,2,247,217,1,216,2,214,30,104,54,56,,,,,,,,,,,,,,,,,,,,,,,,,,,,,,,,,,,,,,,,,,,,,,,,,,,,,,,,,,,,,,,,
Bizkaia,MORGA,,66,4,290,219,3,216,8,208,71,170,,,,,,38,,,,,,,,,,,,,,,,,,,,,,,,,,,,,,,,,,,,,,,,,,,,,,,,,,,,,,,,,,,,
Bizkaia,MUNDAKA,,68,4,1356,1080,20,1060,3,1057,276,617,,,212,19,,209,,,,,,,,,,,,,,,,,,,,,,,,,,,,,,,,,,,,,,,,,,,,,,,,,,,,,,,,,,,,
Bizkaia,MUNGIA,,69,4,8926,5614,30,5584,34,5550,3312,2917,404,245,898,452,,634,,,,,,,,,,,,,,,,,,,,,,,,,,,,,,,,,,,,,,,,,,,,,,,,,,,,,,,,,,,,
Bizkaia,MUNITIBAR-ARBATZEGI GERRIKAITZ-,,7,4,425,329,,329,6,323,96,175,,,116,,,32,,,,,,,,,,,,,,,,,,,,,,,,,,,,,,,,,,,,,,,,,,,,,,,,,,,,,,,,,,,,
Bizkaia,MURUETA,,908,4,189,121,15,106,38,68,68,67,,,,,,,,,,,,,,,,,,,,,,,,,,,,,,,,,,,,,,,,,,,,,,,,,,,,,,,,,,,,,,,,,,
Bizkaia,MUSKIZ,,71,2,5001,3650,32,3618,36,3582,1351,1502,839,,491,240,,352,158,,,,,,,,,,,,,,,,,,,,,,,,,,,,,,,,,,,,,,,,,,,,,,,,,,,,,,,,,,,
Gipuzkoa,MUTILOA,,57,3,157,71,6,65,4,61,86,,,,,,,,,,,,,,,,,,,,,,,,,,,,,,,,,,,,,,,,,,,,,,,,,,,,,,,,,,,,,,61,,,,,
Gipuzkoa,MUTRIKU,,56,4,3707,2785,47,2738,53,2685,922,1465,127,,845,,,248,,,,,,,,,,,,,,,,,,,,,,,,,,,,,,,,,,,,,,,,,,,,,,,,,,,,,,,,,,,,
Bizkaia,MUXIKA,,67,4,1231,1082,7,1075,8,1067,149,507,,,417,,,143,,,,,,,,,,,,,,,,,,,,,,,,,,,,,,,,,,,,,,,,,,,,,,,,,,,,,,,,,,,,
Bizkaia,NABARNIZ,,909,4,210,191,5,186,1,185,19,78,,,107,,,,,,,,,,,,,,,,,,,,,,,,,,,,,,,,,,,,,,,,,,,,,,,,,,,,,,,,,,,,,,,
Álava,NAVARIDAS,,41,2,183,159,8,151,5,146,24,60,,81,,,,,,,,,,,,,,,,,,,,,,,,,,,,,,,,,,,,,,,,,,,,,,,,,,,,,,,,,,,,,,,,
Gipuzkoa,OIARTZUN,,63,2,6475,4501,49,4452,37,4415,1974,720,162,,2138,292,,1103,,,,,,,,,,,,,,,,,,,,,,,,,,,,,,,,,,,,,,,,,,,,,,,,,,,,,,,,,,,,
Álava,OKONDO,,42,3,623,535,11,524,1,523,88,210,,62,100,,,151,,,,,,,,,,,,,,,,,,,,,,,,,,,,,,,,,,,,,,,,,,,,,,,,,,,,,,,,,,,,
Gipuzkoa,OLABERRIA,,58,3,1042,670,17,653,45,608,372,,101,,,,,,,,,,,,,,,,,,,,,,,,,,,,,,,,,,,,,,,,,,,,,,,,,,,,,,,,,,,,,507,,,,
Bizkaia,ONDARROA,,73,4,8698,5874,55,5819,42,5777,2824,2213,64,268,2327,355,,550,,,,,,,,,,,,,,,,,,,,,,,,,,,,,,,,,,,,,,,,,,,,,,,,,,,,,,,,,,,,
Gipuzkoa,ORDIZIA,,76,3,7500,4792,36,4756,50,4706,2708,1121,652,,1239,980,,714,,,,,,,,,,,,,,,,,,,,,,,,,,,,,,,,,,,,,,,,,,,,,,,,,,,,,,,,,,,,
Gipuzkoa,ORENDAIN,,905,3,152,133,1,132,2,130,19,,,,70,,,61,,,,,,,,,,,,,,,,,,,,,,,,,,,,,,,,,,,,,,,,,,,,,,,,,,,,,,,,,,,,
Gipuzkoa,OREXA,,60,3,69,56,,56,3,53,13,,,,53,,,,,,,,,,,,,,,,,,,,,,,,,,,,,,,,,,,,,,,,,,,,,,,,,,,,,,,,,,,,,,,
Gipuzkoa,ORIO,,61,4,3312,2389,15,2374,8,2366,923,696,149,,598,373,,550,,,,,,,,,,,,,,,,,,,,,,,,,,,,,,,,,,,,,,,,,,,,,,,,,,,,,,,,,,,,
Gipuzkoa,ORMAIZTEGI,,62,3,941,789,6,783,11,772,152,293,,,191,123,,165,,,,,,,,,,,,,,,,,,,,,,,,,,,,,,,,,,,,,,,,,,,,,,,,,,,,,,,,,,,,
Bizkaia,OROZKO,,75,3,1656,1246,17,1229,12,1217,410,684,5,62,277,,,189,,,,,,,,,,,,,,,,,,,,,,,,,,,,,,,,,,,,,,,,,,,,,,,,,,,,,,,,,,,,
Bizkaia,ORTUELLA,,83,2,7017,4624,49,4575,50,4525,2393,1146,1716,,469,225,,278,273,,,,,,,,,,,,,,,,,,,,,,,,,,,418,,,,,,,,,,,,,,,,,,,,,,,,,,,,,,,,
Bizkaia,OTXANDIO,,72,3,947,776,,776,1,775,171,325,3,,238,130,,79,,,,,,,,,,,,,,,,,,,,,,,,,,,,,,,,,,,,,,,,,,,,,,,,,,,,,,,,,,,,
Álava,OYÓN-OION,,43,2,1802,1181,6,1175,14,1161,621,389,177,271,135,25,69,95,,,,,,,,,,,,,,,,,,,,,,,,,,,,,,,,,,,,,,,,,,,,,,,,,,,,,,,,,,,,
Gipuzkoa,OÑATI,,59,4,8590,5803,26,5777,58,5719,2787,2840,292,,1258,451,,662,,,,,,,,,,216,,,,,,,,,,,,,,,,,,,,,,,,,,,,,,,,,,,,,,,,,,,,,,,,,,
Gipuzkoa,PASAIA,,64,2,15416,8155,52,8103,90,8013,7261,1145,1880,374,2382,679,,1404,149,,,,,,,,,,,,,,,,,,,,,,,,,,,,,,,,,,,,,,,,,,,,,,,,,,,,,,,,,,,
Álava,PEÑACERRADA-URIZAHARRA,,44,2,213,144,8,136,3,133,69,98,30,,,,,,,,,,,,,,,,,,,,,,,,,,,,,,,,,,,,,,,,,,,,,,,,,,,,,,,,,,,,,,,,,
Bizkaia,PLENTZIA,,77,4,2247,1477,28,1449,26,1423,770,723,33,,288,117,,262,,,,,,,,,,,,,,,,,,,,,,,,,,,,,,,,,,,,,,,,,,,,,,,,,,,,,,,,,,,,
Bizkaia,PORTUGALETE,,78,2,45555,25210,200,25010,247,24763,20345,5961,8817,1945,2816,1905,,1172,1813,334,,,,,,,,,,,,,,,,,,,,,,,,,,,,,,,,,,,,,,,,,,,,,,,,,,,,,,,,,,
Álava,RIBERA BAJA/ERRIBERA BEITIA,,47,2,331,280,1,279,1,278,51,176,72,30,,,,,,,,,,,,,,,,,,,,,,,,,,,,,,,,,,,,,,,,,,,,,,,,,,,,,,,,,,,,,,,,
Álava,SAMANIEGO,,52,2,240,187,1,186,2,184,53,82,45,,32,,,,25,,,,,,,,,,,,,,,,,,,,,,,,,,,,,,,,,,,,,,,,,,,,,,,,,,,,,,,,,,,
Álava,SAN MILLÁN/DONEMILIAGA,,53,2,657,295,2,293,2,291,362,158,,32,31,,70,,,,,,,,,,,,,,,,,,,,,,,,,,,,,,,,,,,,,,,,,,,,,,,,,,,,,,,,,,,,,
Bizkaia,SANTURTZI,,82,2,40339,21713,133,21580,167,21413,18626,5484,7167,1335,3586,1424,,1109,1051,257,,,,,,,,,,,,,,,,,,,,,,,,,,,,,,,,,,,,,,,,,,,,,,,,,,,,,,,,,,
Gipuzkoa,SEGURA,,70,3,1065,863,6,857,17,840,202,267,,,267,,,306,,,,,,,,,,,,,,,,,,,,,,,,,,,,,,,,,,,,,,,,,,,,,,,,,,,,,,,,,,,,
Bizkaia,SESTAO,,84,2,29680,15687,194,15493,150,15343,13993,3064,6355,1081,1897,885,,642,1168,186,,,65,,,,,,,,,,,,,,,,,,,,,,,,,,,,,,,,,,,,,,,,,,,,,,,,,,,,,,,
Bizkaia,SONDIKA,,904,4,3202,2172,59,2113,45,2068,1030,1370,139,,295,55,,209,,,,,,,,,,,,,,,,,,,,,,,,,,,,,,,,,,,,,,,,,,,,,,,,,,,,,,,,,,,,
Bizkaia,SOPELA,,85,4,5794,3519,33,3486,46,3440,2275,1658,424,,803,319,,236,,,,,,,,,,,,,,,,,,,,,,,,,,,,,,,,,,,,,,,,,,,,,,,,,,,,,,,,,,,,
Bizkaia,SOPUERTA,,86,2,1783,1516,3,1513,8,1505,267,338,50,,117,,,396,7,,,,,,,,,,,,,,,,,,,,,,,,,,,,595,,,,,,,,,,,,,,,,,,,,,,,,,,,,,,,
Gipuzkoa,SORALUZE-PLACENCIA DE LAS ARMAS,,65,4,3986,2916,24,2892,17,2875,1070,1067,496,,677,209,,426,,,,,,,,,,,,,,,,,,,,,,,,,,,,,,,,,,,,,,,,,,,,,,,,,,,,,,,,,,,,
Bizkaia,SUKARRIETA,,76,4,246,202,2,200,1,199,44,112,,,33,,,54,,,,,,,,,,,,,,,,,,,,,,,,,,,,,,,,,,,,,,,,,,,,,,,,,,,,,,,,,,,,
Gipuzkoa,TOLOSA,,71,3,14876,8973,66,8907,67,8840,5903,1609,751,614,2156,759,,2951,,,,,,,,,,,,,,,,,,,,,,,,,,,,,,,,,,,,,,,,,,,,,,,,,,,,,,,,,,,,
Bizkaia,TRUCIOS-TURTZIOZ,,87,2,440,397,3,394,5,389,43,122,0,,,,,50,,,,,,,,,,,,,,,,,,,,,,,,,,,,,,217,,,,,,,,,,,,,,,,,,,,,,,,,,,,,,
Bizkaia,UBIDE,,88,3,142,129,3,126,2,124,13,52,0,,72,,,,,,,,,,,,,,,,,,,,,,,,,,,,,,,,,,,,,,,,,,,,,,,,,,,,,,,,,,,,,,,
Bizkaia,UGAO-MIRABALLES,,65,3,3299,2168,34,2134,34,2100,1131,969,368,,508,,,255,,,,,,,,,,,,,,,,,,,,,,,,,,,,,,,,,,,,,,,,,,,,,,,,,,,,,,,,,,,,
Bizkaia,URDULIZ,,89,4,1941,1379,7,1372,24,1348,562,721,172,,308,,,147,,,,,,,,,,,,,,,,,,,,,,,,,,,,,,,,,,,,,,,,,,,,,,,,,,,,,,,,,,,,
Bizkaia,URDUÑA/ORDUÑA,,74,3,3376,2382,19,2363,19,2344,994,1008,123,188,596,262,,167,,,,,,,,,,,,,,,,,,,,,,,,,,,,,,,,,,,,,,,,,,,,,,,,,,,,,,,,,,,,
Álava,URKABUSTAIZ,,54,2,714,502,7,495,7,488,212,216,36,38,133,,24,41,,,,,,,,,,,,,,,,,,,,,,,,,,,,,,,,,,,,,,,,,,,,,,,,,,,,,,,,,,,,
Gipuzkoa,URNIETA,,72,1,3331,2101,26,2075,62,2011,1230,1083,402,,464,62,,,,,,,,,,,,,,,,,,,,,,,,,,,,,,,,,,,,,,,,,,,,,,,,,,,,,,,,,,,,,,
Gipuzkoa,URRETXU,,77,3,4948,3520,29,3491,19,3472,1428,431,598,,593,229,,1621,,,,,,,,,,,,,,,,,,,,,,,,,,,,,,,,,,,,,,,,,,,,,,,,,,,,,,,,,,,,
Gipuzkoa,USURBIL,,73,1,4294,2973,31,2942,22,2920,1321,558,316,60,1255,136,,595,,,,,,,,,,,,,,,,,,,,,,,,,,,,,,,,,,,,,,,,,,,,,,,,,,,,,,,,,,,,
Álava,VALDEGOVÍA/GAUBEA,,55,2,804,521,9,512,6,506,283,213,,41,72,,180,,,,,,,,,,,,,,,,,,,,,,,,,,,,,,,,,,,,,,,,,,,,,,,,,,,,,,,,,,,,,
Bizkaia,VALLE DE TRÁPAGA-TRAPAGARAN,,80,2,10459,6791,56,6735,72,6663,3668,2290,2205,,997,571,,245,334,,,,21,,,,,,,,,,,,,,,,,,,,,,,,,,,,,,,,,,,,,,,,,,,,,,,,,,,,,,,
Gipuzkoa,VILLABONA,,75,3,4012,2857,12,2845,17,2828,1155,290,157,,825,1081,,475,,,,,,,,,,,,,,,,,,,,,,,,,,,,,,,,,,,,,,,,,,,,,,,,,,,,,,,,,,,,
Álava,VILLABUENA DE ÁLAVA/ESKUERNAGA,,57,2,296,248,3,245,13,232,48,132,,,48,,,52,,,,,,,,,,,,,,,,,,,,,,,,,,,,,,,,,,,,,,,,,,,,,,,,,,,,,,,,,,,,
Álava,VITORIA-GASTEIZ,,59,1,159357,85815,675,85140,837,84303,73542,22430,15986,7061,7779,3553,18749,4542,1159,1667,,310,,114,508,445,,,,,,,,,,,,,,,,,,,,,,,,,,,,,,,,,,,,,,,,,,,,,,,,,,,,
Álava,YÉCORA/IEKORA,,60,2,211,168,3,165,3,162,43,128,,,,,34,,,,,,,,,,,,,,,,,,,,,,,,,,,,,,,,,,,,,,,,,,,,,,,,,,,,,,,,,,,,,
Bizkaia,ZALDIBAR,,95,3,2470,1609,10,1599,18,1581,861,446,311,,320,,,199,,,,,,,,,,,,,,,,,,,,,,,,,,,,,,,305,,,,,,,,,,,,,,,,,,,,,,,,,,,,,
Gipuzkoa,ZALDIBIA,,78,3,1328,1099,4,1095,3,1092,229,,,,539,,,,,,,,,,,,,,,,,,,,,,,,,,,,,,,,,,,,,,,,,,,,,,,,,,,,,,,,,,,,,553,,
Álava,ZALDUONDO,,61,2,110,85,1,84,14,70,25,70,,,,,,,,,,,,,,,,,,,,,,,,,,,,,,,,,,,,,,,,,,,,,,,,,,,,,,,,,,,,,,,,,,
Bizkaia,ZALLA,,96,2,5855,4107,78,4029,44,3985,1748,2080,644,93,440,180,,548,,,,,,,,,,,,,,,,,,,,,,,,,,,,,,,,,,,,,,,,,,,,,,,,,,,,,,,,,,,,
Álava,ZAMBRANA,,62,2,297,244,,244,1,243,53,163,,9,,,71,,,,,,,,,,,,,,,,,,,,,,,,,,,,,,,,,,,,,,,,,,,,,,,,,,,,,,,,,,,,,
Bizkaia,ZAMUDIO,,905,4,2665,1946,18,1928,34,1894,719,1163,193,,469,69,,,,,,,,,,,,,,,,,,,,,,,,,,,,,,,,,,,,,,,,,,,,,,,,,,,,,,,,,,,,,,
Bizkaia,ZARATAMO,,97,3,1317,1029,23,1006,9,997,288,345,79,,160,,,413,,,,,,,,,,,,,,,,,,,,,,,,,,,,,,,,,,,,,,,,,,,,,,,,,,,,,,,,,,,,
Gipuzkoa,ZARAUTZ,,79,4,13085,8674,62,8612,78,8534,4411,1964,871,548,1496,894,,2761,,,,,,,,,,,,,,,,,,,,,,,,,,,,,,,,,,,,,,,,,,,,,,,,,,,,,,,,,,,,
Bizkaia,ZEANURI,,24,3,1050,859,5,854,4,850,191,329,,,150,,,371,,,,,,,,,,,,,,,,,,,,,,,,,,,,,,,,,,,,,,,,,,,,,,,,,,,,,,,,,,,,
Bizkaia,ZEBERIO,,25,3,833,704,8,696,2,694,129,477,2,,215,,,,,,,,,,,,,,,,,,,,,,,,,,,,,,,,,,,,,,,,,,,,,,,,,,,,,,,,,,,,,,,
Gipuzkoa,ZEGAMA,,25,3,1158,911,11,900,10,890,247,,,,394,,,,,,,,,,,,,,,,,,,,,,,,,,,,,,,,,,,,,,,,,,,,,,,,,,,,,,,,,,,,,,496,
Gipuzkoa,ZERAIN,,26,3,196,126,11,115,6,109,70,,,,,,,,,,,,,,,,,,,,,,,,,,,,,,,,,,,,,,,,,,,,,,,,,,,,,,,,,,,,,,,,,,,109
Gipuzkoa,ZESTOA,,27,4,2816,2091,14,2077,18,2059,725,664,60,,766,,,569,,,,,,,,,,,,,,,,,,,,,,,,,,,,,,,,,,,,,,,,,,,,,,,,,,,,,,,,,,,,
Álava,ZIGOITIA,,18,2,680,447,5,442,4,438,233,135,,,98,27,44,134,,,,,,,,,,,,,,,,,,,,,,,,,,,,,,,,,,,,,,,,,,,,,,,,,,,,,,,,,,,,
Gipuzkoa,ZIZURKIL,,28,3,2059,1390,23,1367,14,1353,669,341,191,,445,113,,263,,,,,,,,,,,,,,,,,,,,,,,,,,,,,,,,,,,,,,,,,,,,,,,,,,,,,,,,,,,,
Álava,ZUIA,,63,2,1058,804,16,788,15,773,254,283,,117,174,,134,65,,,,,,,,,,,,,,,,,,,,,,,,,,,,,,,,,,,,,,,,,,,,,,,,,,,,,,,,,,,,
Gipuzkoa,ZUMAIA,,81,4,6157,4086,52,4034,30,4004,2071,1534,641,,863,240,,726,,,,,,,,,,,,,,,,,,,,,,,,,,,,,,,,,,,,,,,,,,,,,,,,,,,,,,,,,,,,
Gipuzkoa,ZUMARRAGA,,80,3,9145,5925,61,5864,65,5799,3220,978,1688,,663,579,,1716,175,,,,,,,,,,,,,,,,,,,,,,,,,,,,,,,,,,,,,,,,,,,,,,,,,,,,,,,,,,,
