"giudizio","genere","nazione","anno","durata","visibilita"
"ottimo","DRA","AUS",75,115,"GEN"
"mediocre","COM","AUS",92,94,"GEN"
"mediocre","COM","AUS",83,92,"TUT"
"buono","DRA","BFASO",90,78,"ADU"
"mediocre","DRA","CAN",80,83,"GEN"
"mediocre","HOR","CAN",80,108,"GEN"
"mediocre","AVV","CAN",90,93,"TUT"
"scadente","CMC","CAN",81,94,"ADU"
"ottimo","DRA","CIN",93,110,"GEN"
"mediocre","GIA","FRA",88,100,"GEN"
"buono","POL","FRA",75,110,"GEN"
"mediocre","THR","FRA",66,94,"ADU"
"mediocre","STO","FRA",61,105,"GEN"
"buono","COM","FRA",92,96,"GEN"
"mediocre","STO","FRA",90,101,"GEN"
"buono","COM","FRA",89,105,"TUT"
"buono","COM","FRA",92,92,"TUT"
"mediocre","DRA","FRA",90,132,"GEN"
"scadente","DRA","FRA",91,110,"GEN"
"mediocre","COM","FRA",73,105,"ADU"
"buono","AVV","FRA",71,100,"GEN"
"buono","GIA","FRA",65,90,"GEN"
"ottimo","POL","FRA",54,94,"GEN"
"mediocre","DRA","FRA",57,95,"GEN"
"mediocre","SEN","FRA",52,90,"GEN"
"buono","DRA","GB",84,90,"ADU"
"mediocre","THR","GB",77,106,"GEN"
"mediocre","GIA","GB",59,85,"GEN"
"ottimo","AVV","GB",62,212,"ADU"
"mediocre","SPI","GB",71,100,"GEN"
"buono","DRA","GB",63,129,"GEN"
"buono","SEN","GB",45,85,"GEN"
"mediocre","SPI","GB",73,121,"GEN"
"mediocre","DRA","GB",48,113,"ADU"
"mediocre","AVV","GB",83,130,"GEN"
"mediocre","FAN","GB",86,101,"ADU"
"mediocre","COM","GB",62,95,"TUT"
"buono","COM","GB",86,97,"TUT"
"mediocre","COM","GB",88,99,"GEN"
"buono","DRA","GB",88,112,"ADU"
"mediocre","DRA","GB",74,95,"GEN"
"scadente","AZI","GB",73,120,"GEN"
"mediocre","AVV","GB",75,100,"TUT"
"ottimo","THR","GB",37,80,"GEN"
"mediocre","AZI","GB",81,127,"GEN"
"mediocre","COM","GB",66,108,"GEN"
"buono","DRA","GB",87,97,"GEN"
"mediocre","BEL","GB",77,158,"GEN"
"mediocre","POL","GB",71,100,"GEN"
"mediocre","AVV","GB",63,83,"GEN"
"mediocre","COM","GB",69,90,"GEN"
"mediocre","DRA","GB",68,121,"ADU"
"mediocre","COM","GB",92,89,"GEN"
"ottimo","COM","GB",46,104,"ADU"
"mediocre","THR","GB",92,128,"GEN"
"mediocre","DRA","GB",60,93,"ADU"
"mediocre","DRA","GB",67,148,"GEN"
"mediocre","DRA","GB",88,105,"GEN"
"buono","AVV","GB",78,135,"GEN"
"mediocre","COM","GB",49,92,"GEN"
"buono","GIA","GB",72,115,"ADU"
"buono","DRA","GB",88,112,"ADU"
"scadente","FAN","GER",83,96,"ADU"
"mediocre","DRA","GER",61,110,"GEN"
"mediocre","COM","GER",89,85,"ADU"
"ottimo","DRA","GER",31,99,"GEN"
"mediocre","COM","ITA",84,105,"TUT"
"mediocre","COM","ITA",58,95,"GEN"
"buono","DRA","ITA",80,100,"GEN"
"mediocre","BEL","ITA",68,100,"ADU"
"mediocre","COM","ITA",85,102,"GEN"
"buono","DRA","ITA",60,98,"ADU"
"mediocre","DRA","ITA",77,105,"GEN"
"buono","BEL","ITA",86,130,"GEN"
"mediocre","SPI","ITA",67,80,"GEN"
"mediocre","BIO","ITA",71,137,"TUT"
"mediocre","COM","ITA",57,91,"TUT"
"mediocre","DRA","ITA",82,104,"ADU"
"buono","DRA","ITA",51,100,"ADU"
"mediocre","DRA","ITA",73,112,"ADU"
"mediocre","AVV","ITA",69,101,"GEN"
"scadente","CMC","ITA",75,130,"ADU"
"mediocre","COM","ITA",63,90,"GEN"
"mediocre","DRA","ITA",90,120,"ADU"
"buono","DRA","ITA",86,125,"ADU"
"scadente","CMC","ITA",88,103,"ADU"
"mediocre","DRA","ITA",59,95,"GEN"
"ottimo","DRA","ITA",68,98,"ADU"
"mediocre","DRA","ITA",90,90,"ADU"
"buono","DRA","ITA",94,89,"ADU"
"mediocre","AVV","ITA",87,92,"TUT"
"scadente","CMC","ITA",81,85,"GEN"
"buono","DRA","ITA",50,95,"GEN"
"scadente","CMC","ITA",71,90,"TUT"
"scadente","AVV","ITA",82,98,"GEN"
"mediocre","COM","ITA",86,94,"GEN"
"mediocre","AVV","ITA",73,128,"GEN"
"scadente","ERO","ITA",85,100,"ADU"
"mediocre","DRA","ITA",86,168,"ADU"
"scadente","COM","ITA",84,98,"TUT"
"ottimo","DRA","ITA",50,107,"GEN"
"buono","DRA","ITA",62,105,"GEN"
"mediocre","COM","ITA",73,102,"GEN"
"mediocre","COM","ITA",78,115,"TUT"
"mediocre","COM","ITA",90,125,"GEN"
"mediocre","DRA","ITA",92,85,"GEN"
"scadente","DRA","ITA",59,96,"TUT"
"mediocre","COM","ITA",94,97,"ADU"
"buono","COM","ITA",74,110,"GEN"
"scadente","DRA","ITA",93,105,"GEN"
"ottimo","DRA","ITA",91,88,"ADU"
"mediocre","DRA","ITA",54,100,"ADU"
"scadente","COM","ITA",81,91,"ADU"
"mediocre","DRA","ITA",52,90,"ADU"
"ottimo","COM","ITA",91,98,"ADU"
"mediocre","COM","ITA",52,88,"GEN"
"buono","COM","ITA",63,119,"ADU"
"mediocre","MUS","ITA",66,110,"GEN"
"mediocre","COM","ITA",62,98,"TUT"
"buono","DRA","ITA",60,105,"ADU"
"mediocre","COM","ITA",90,100,"GEN"
"mediocre","COM","ITA",40,90,"TUT"
"mediocre","COM","ITA",87,89,"GEN"
"mediocre","COM","ITA",61,95,"TUT"
"buono","COM","ITA",42,86,"GEN"
"scadente","DRA","ITA",92,105,"ADU"
"mediocre","COM","ITA",91,115,"GEN"
"mediocre","POL","ITA",67,105,"GEN"
"mediocre","COM","ITA",81,105,"GEN"
"scadente","COM","ITA",73,118,"TUT"
"scadente","COM","ITA",90,105,"ADU"
"mediocre","COM","ITA",86,87,"GEN"
"mediocre","COM","ITA",92,100,"TUT"
"mediocre","COM","ITA",89,90,"ADU"
"scadente","COM","ITA",63,100,"GEN"
"mediocre","COM","ITA",84,128,"ADU"
"mediocre","COM","ITA",59,104,"GEN"
"scadente","COM","ITA",83,91,"TUT"
"mediocre","BEL","ITA",67,103,"GEN"
"buono","COM","ITA",89,90,"TUT"
"buono","DRA","ITA",92,106,"ADU"
"mediocre","COM","ITA",92,105,"GEN"
"mediocre","CMC","ITA",91,88,"TUT"
"scadente","COM","ITA",70,95,"TUT"
"scadente","CMC","ITA",93,108,"GEN"
"mediocre","WES","ITA",65,94,"ADU"
"mediocre","CMC","ITA",82,112,"TUT"
"mediocre","COM","ITA",78,117,"GEN"
"mediocre","DRA","ITA",89,110,"GEN"
"mediocre","COM","ITA",62,92,"GEN"
"mediocre","DRA","ITA",60,120,"ADU"
"mediocre","DRA","ITA",59,94,"GEN"
"scadente","DRA","ITA",93,87,"ADU"
"scadente","DRA","ITA",73,95,"GEN"
"mediocre","COM","ITA",69,124,"GEN"
"mediocre","HOR","ITA",91,117,"ADU"
"scadente","COM","ITA",84,95,"GEN"
"scadente","DRA","ITA",40,90,"TUT"
"mediocre","WES","ITA",71,150,"GEN"
"scadente","HOR","ITA",80,95,"ADU"
"mediocre","COM","ITA",85,114,"TUT"
"mediocre","HOR","ITA",89,106,"ADU"
"mediocre","AVV","ITA",92,114,"TUT"
"mediocre","DRA","ITA",94,115,"GEN"
"mediocre","WES","ITA",72,128,"TUT"
"mediocre","AVV","ITA",83,86,"GEN"
"mediocre","WES","ITA",67,100,"ADU"
"scadente","COM","ITA",91,98,"GEN"
"buono","COM","ITA",63,95,"ADU"
"mediocre","SPI","ITA",88,113,"GEN"
"buono","COM","ITA",62,102,"TUT"
"scadente","DRA","ITA",87,94,"ADU"
"mediocre","COM","ITA",89,114,"TUT"
"scadente","COM","ITA",74,100,"ADU"
"mediocre","COM","ITA",86,110,"TUT"
"buono","DRA","ITA",91,90,"ADU"
"buono","COM","ITA",81,110,"TUT"
"scadente","COM","ITA",93,98,"ADU"
"mediocre","COM","ITA",92,110,"TUT"
"mediocre","COM","ITA",61,94,"TUT"
"scadente","COM","ITA",73,95,"GEN"
"mediocre","COM","ITA",75,95,"ADU"
"buono","COM","ITA",79,99,"TUT"
"mediocre","COM","ITA",53,94,"TUT"
"mediocre","COM","ITA",67,115,"GEN"
"scadente","COM","ITA",89,80,"GEN"
"mediocre","COM","ITA",70,108,"GEN"
"ottimo","DRA","ITA",87,160,"ADU"
"buono","COM","ITA",71,103,"ADU"
"scadente","CMC","ITA",90,97,"ADU"
"buono","WES","ITA",68,167,"GEN"
"mediocre","COM","ITA",69,96,"GEN"
"scadente","COM","ITA",84,92,"GEN"
"mediocre","DRA","ITA",92,89,"GEN"
"buono","COM","ITA",78,100,"GEN"
"buono","CMC","ITA",80,95,"TUT"
"mediocre","COM","ITA",82,99,"GEN"
"scadente","POL","ITA",83,90,"ADU"
"mediocre","COM","ITA",91,97,"ADU"
"mediocre","GIA","ITA",68,91,"ADU"
"mediocre","COM","ITA",54,101,"GEN"
"mediocre","COM","ITA",93,91,"GEN"
"mediocre","WES","ITA",68,132,"ADU"
"ottimo","COM","MES",92,144,"GEN"
"ottimo","DRA","NZ",93,110,"GEN"
"buono","DRA","SVE",47,90,"GEN"
"ottimo","COM","URSS",84,143,"GEN"
"ottimo","DRA","USA",60,125,"GEN"
"mediocre","BEL","USA",68,141,"GEN"
"buono","DRA","USA",62,132,"GEN"
"mediocre","COM","USA",77,88,"GEN"
"mediocre","DRA","USA",51,90,"TUT"
"mediocre","COM","USA",89,108,"GEN"
"mediocre","BEL","USA",80,100,"GEN"
"scadente","COM","USA",87,90,"GEN"
"buono","DRA","USA",55,108,"GEN"
"mediocre","COM","USA",70,100,"TUT"
"mediocre","AZI","USA",84,120,"GEN"
"mediocre","COM","USA",74,78,"TUT"
"mediocre","AZI","USA",90,90,"ADU"
"mediocre","COM","USA",68,98,"ADU"
"mediocre","DRA","USA",66,99,"ADU"
"mediocre","COM","USA",91,110,"TUT"
"scadente","AZI","USA",93,89,"GEN"
"mediocre","COM","USA",92,112,"GEN"
"buono","DRA","USA",90,129,"GEN"
"mediocre","COM","USA",59,92,"GEN"
"mediocre","DRA","USA",41,125,"ADU"
"ottimo","COM","USA",53,91,"GEN"
"buono","DRA","USA",53,118,"GEN"
"ottimo","COM","USA",38,93,"GEN"
"scadente","AZI","USA",91,95,"ADU"
"mediocre","COM","USA",90,90,"GEN"
"buono","DRA","USA",87,105,"GEN"
"mediocre","COM","USA",87,99,"GEN"
"scadente","AZI","USA",79,90,"ADU"
"mediocre","COM","USA",33,83,"GEN"
"scadente","AZI","USA",83,107,"ADU"
"buono","COM","USA",92,98,"TUT"
"scadente","DRA","USA",87,120,"ADU"
"mediocre","COM","USA",89,112,"GEN"
"scadente","DRA","USA",93,105,"ADU"
"buono","COM","USA",92,128,"TUT"
"mediocre","AZI","USA",91,90,"GEN"
"scadente","COM","USA",78,88,"GEN"
"mediocre","DRA","USA",80,99,"ADU"
"buono","COM","USA",88,98,"GEN"
"buono","AZI","USA",93,109,"GEN"
"mediocre","COM","USA",56,108,"TUT"
"ottimo","DRA","USA",40,129,"GEN"
"mediocre","COM","USA",86,100,"GEN"
"mediocre","AZI","USA",72,105,"GEN"
"buono","COM","USA",89,123,"GEN"
"scadente","AZI","USA",93,97,"ADU"
"mediocre","COM","USA",65,118,"GEN"
"mediocre","DRA","USA",52,117,"TUT"
"mediocre","COM","USA",87,100,"TUT"
"mediocre","DRA","USA",86,105,"GEN"
"mediocre","COM","USA",78,112,"TUT"
"scadente","DRA","USA",90,98,"ADU"
"scadente","COM","USA",80,100,"GEN"
"buono","ERO","USA",75,121,"ADU"
"mediocre","COM","USA",44,101,"GEN"
"scadente","AZI","USA",95,88,"ADU"
"scadente","DRA","USA",93,120,"GEN"
"scadente","ERO","USA",89,110,"ADU"
"mediocre","DRA","USA",92,100,"ADU"
"mediocre","FAN","USA",89,110,"TUT"
"scadente","COM","USA",85,84,"GEN"
"mediocre","AZI","USA",88,86,"ADU"
"buono","COM","USA",88,100,"GEN"
"mediocre","FAN","USA",85,109,"TUT"
"mediocre","DRA","USA",56,97,"GEN"
"buono","FAN","USA",91,140,"GEN"
"buono","DRA","USA",88,116,"GEN"
"mediocre","FAN","USA",80,127,"TUT"
"buono","DRA","USA",73,105,"ADU"
"buono","FAN","USA",88,100,"TUT"
"buono","COM","USA",40,95,"GEN"
"mediocre","AZI","USA",82,137,"GEN"
"buono","COM","USA",55,101,"GEN"
"scadente","FAN","USA",74,78,"GEN"
"buono","DRA","USA",41,107,"ADU"
"mediocre","FAN","USA",89,91,"ADU"
"buono","DRA","USA",85,98,"ADU"
"mediocre","FAN","USA",92,105,"GEN"
"buono","DRA","USA",91,90,"GEN"
"buono","FAN","USA",92,98,"TUT"
"buono","COM","USA",91,85,"GEN"
"scadente","FAN","USA",92,105,"ADU"
"mediocre","COM","USA",92,101,"GEN"
"mediocre","FAN","USA",92,102,"GEN"
"buono","COM","USA",52,97,"GEN"
"ottimo","FAN","USA",33,103,"GEN"
"buono","DRA","USA",56,93,"GEN"
"scadente","FAN","USA",90,95,"TUT"
"buono","DRA","USA",85,124,"GEN"
"mediocre","FAN","USA",90,118,"ADU"
"buono","DRA","USA",78,145,"GEN"
"mediocre","FAN","USA",85,84,"TUT"
"mediocre","DRA","USA",80,98,"ADU"
"mediocre","FAN","USA",48,99,"TUT"
"scadente","DRA","USA",79,123,"GEN"
"mediocre","GAN","USA",59,91,"GEN"
"buono","COM","USA",86,102,"GEN"
"ottimo","GAN","USA",75,114,"GEN"
"buono","COM","USA",85,92,"GEN"
"buono","GAN","USA",42,80,"GEN"
"buono","COM","USA",55,138,"GEN"
"buono","GAN","USA",89,94,"TUT"
"mediocre","COM","USA",87,107,"GEN"
"mediocre","GIA","USA",93,103,"ADU"
"mediocre","DRA","USA",93,98,"GEN"
"mediocre","GIA","USA",78,112,"GEN"
"buono","COM","USA",49,105,"GEN"
"buono","GIA","USA",81,113,"ADU"
"buono","DRA","USA",59,159,"ADU"
"mediocre","AZI","USA",92,118,"ADU"
"mediocre","COM","USA",87,105,"ADU"
"mediocre","GIA","USA",88,91,"GEN"
"mediocre","DRA","USA",93,116,"ADU"
"mediocre","AZI","USA",92,98,"GEN"
"mediocre","DRA","USA",94,90,"ADU"
"mediocre","GIA","USA",59,80,"GEN"
"mediocre","COM","USA",63,108,"GEN"
"mediocre","AZI","USA",89,85,"ADU"
"mediocre","DRA","USA",91,90,"ADU"
"mediocre","GIA","USA",72,105,"GEN"
"mediocre","COM","USA",83,102,"GEN"
"mediocre","AZI","USA",91,95,"TUT"
"scadente","COM","USA",86,88,"GEN"
"buono","GIA","USA",91,90,"GEN"
"mediocre","DRA","USA",90,122,"GEN"
"mediocre","GIA","USA",91,97,"ADU"
"buono","DRA","USA",91,100,"ADU"
"scadente","GIA","USA",88,91,"ADU"
"buono","DRA","USA",93,121,"ADU"
"buono","GIA","USA",92,140,"GEN"
"buono","COM","USA",70,129,"GEN"
"mediocre","GIA","USA",65,74,"GEN"
"mediocre","DRA","USA",79,117,"ADU"
"buono","GIA","USA",47,113,"GEN"
"mediocre","DRA","USA",33,123,"GEN"
"mediocre","GIA","USA",85,108,"GEN"
"mediocre","DRA","USA",57,99,"ADU"
"ottimo","GIA","USA",57,114,"TUT"
"mediocre","COM","USA",91,98,"TUT"
"mediocre","AZI","USA",90,91,"GEN"
"mediocre","DRA","USA",92,100,"GEN"
"mediocre","GRO","USA",85,86,"ADU"
"buono","DRA","USA",83,120,"TUT"
"mediocre","HOR","USA",87,89,"ADU"
"ottimo","COM","USA",77,94,"ADU"
"buono","HOR","USA",82,118,"ADU"
"ottimo","DRA","USA",74,123,"ADU"
"mediocre","HOR","USA",91,102,"ADU"
"buono","COM","USA",58,120,"GEN"
"ottimo","HOR","USA",73,130,"GEN"
"mediocre","DRA","USA",57,99,"GEN"
"mediocre","HOR","USA",76,111,"ADU"
"buono","DRA","USA",89,103,"ADU"
"mediocre","HOR","USA",93,114,"ADU"
"mediocre","DRA","USA",94,93,"ADU"
"mediocre","AZI","USA",90,105,"GEN"
"buono","DRA","USA",61,124,"ADU"
"scadente","AZI","USA",86,89,"ADU"
"mediocre","CMC","USA",92,92,"GEN"
"mediocre","AVV","USA",84,94,"ADU"
"mediocre","CMC","USA",81,92,"TUT"
"mediocre","HOR","USA",81,91,"ADU"
"scadente","CMC","USA",93,80,"GEN"
"mediocre","HOR","USA",89,100,"ADU"
"buono","DRA","USA",92,122,"GEN"
"scadente","HOR","USA",85,96,"ADU"
"buono","DRA","USA",63,117,"GEN"
"scadente","HOR","USA",89,104,"ADU"
"buono","DRA","USA",86,100,"GEN"
"mediocre","AVV","USA",85,105,"TUT"
"mediocre","DRA","USA",76,111,"ADU"
"mediocre","HOR","USA",70,114,"ADU"
"mediocre","BIO","USA",52,82,"TUT"
"mediocre","AVV","USA",90,112,"GEN"
"mediocre","DRA","USA",50,98,"GEN"
"mediocre","MUS","USA",64,128,"TUT"
"ottimo","BEL","USA",87,110,"ADU"
"ottimo","MUS","USA",65,101,"TUT"
"buono","BEL","USA",49,118,"GEN"
"mediocre","MUS","USA",52,115,"TUT"
"buono","DRA","USA",87,144,"GEN"
"mediocre","MUS","USA",91,104,"GEN"
"buono","DRA","USA",83,120,"GEN"
"buono","AVV","USA",80,105,"GEN"
"mediocre","DRA","USA",34,81,"TUT"
"scadente","POL","USA",86,83,"ADU"
"scadente","DRA","USA",87,100,"ADU"
"ottimo","POL","USA",46,105,"ADU"
"buono","DRA","USA",93,112,"GEN"
"mediocre","POL","USA",82,110,"GEN"
"mediocre","DRA","USA",50,90,"GEN"
"buono","POL","USA",49,71,"GEN"
"buono","DRA","USA",41,106,"GEN"
"mediocre","POL","USA",89,97,"GEN"
"buono","DRA","USA",66,123,"GEN"
"scadente","POL","USA",94,91,"ADU"
"buono","DRA","USA",40,93,"GEN"
"buono","POL","USA",81,165,"ADU"
"mediocre","DRA","USA",59,115,"GEN"
"buono","POL","USA",68,113,"GEN"
"mediocre","COM","USA",52,85,"ADU"
"mediocre","AVV","USA",53,79,"GEN"
"mediocre","COM","USA",64,101,"TUT"
"ottimo","POL","USA",87,119,"ADU"
"mediocre","COM","USA",90,91,"ADU"
"mediocre","POL","USA",49,97,"GEN"
"scadente","COM","USA",79,100,"GEN"
"mediocre","POL","USA",90,100,"GEN"
"mediocre","COM","USA",85,100,"GEN"
"mediocre","POL","USA",84,115,"ADU"
"mediocre","COM","USA",92,86,"ADU"
"buono","AVV","USA",92,110,"GEN"
"buono","COM","USA",55,123,"GEN"
"buono","POL","USA",89,115,"ADU"
"buono","COM","USA",57,118,"GEN"
"mediocre","POL","USA",88,91,"GEN"
"mediocre","COM","USA",63,93,"TUT"
"ottimo","POL","USA",91,110,"GEN"
"mediocre","COM","USA",76,113,"GEN"
"mediocre","POL","USA",42,66,"GEN"
"mediocre","COM","USA",88,101,"TUT"
"scadente","AVV","USA",91,80,"ADU"
"mediocre","COM","USA",79,122,"ADU"
"buono","POL","USA",89,125,"ADU"
"mediocre","COM","USA",91,117,"GEN"
"scadente","POL","USA",95,85,"ADU"
"mediocre","DRA","USA",87,119,"GEN"
"mediocre","POL","USA",82,110,"ADU"
"buono","DRA","USA",88,110,"ADU"
"mediocre","POL","USA",40,77,"TUT"
"mediocre","DRA","USA",52,85,"GEN"
"buono","POL","USA",77,108,"ADU"
"mediocre","DRA","USA",93,120,"GEN"
"mediocre","POL","USA",87,90,"ADU"
"ottimo","DRA","USA",36,94,"ADU"
"mediocre","POL","USA",89,100,"ADU"
"buono","DRA","USA",63,107,"GEN"
"mediocre","POL","USA",91,137,"ADU"
"buono","DRA","USA",78,109,"ADU"
"mediocre","POL","USA",46,86,"ADU"
"mediocre","DRA","USA",63,101,"ADU"
"buono","POL","USA",71,114,"ADU"
"mediocre","DRA","USA",87,97,"ADU"
"mediocre","POL","USA",71,97,"GEN"
"mediocre","DRA","USA",91,100,"GEN"
"mediocre","POL","USA",91,105,"GEN"
"mediocre","COM","USA",87,107,"TUT"
"mediocre","POL","USA",81,108,"GEN"
"buono","COM","USA",67,108,"GEN"
"mediocre","POL","USA",90,132,"ADU"
"buono","COM","USA",84,118,"GEN"
"mediocre","AVV","USA",55,112,"GEN"
"mediocre","DRA","USA",84,110,"GEN"
"mediocre","POL","USA",86,87,"ADU"
"mediocre","COM","USA",92,100,"TUT"
"buono","SEN","USA",39,114,"TUT"
"mediocre","COM","USA",88,109,"GEN"
"mediocre","SEN","USA",90,105,"GEN"
"mediocre","DRA","USA",91,145,"ADU"
"mediocre","AVV","USA",55,87,"GEN"
"mediocre","DRA","USA",81,129,"GEN"
"buono","AVV","USA",86,98,"TUT"
"buono","DRA","USA",87,152,"ADU"
"mediocre","SEN","USA",88,95,"TUT"
"buono","DRA","USA",90,95,"TUT"
"buono","SEN","USA",61,115,"TUT"
"mediocre","DRA","USA",90,133,"GEN"
"mediocre","SEN","USA",56,87,"GEN"
"mediocre","DRA","USA",90,100,"GEN"
"mediocre","SEN","USA",60,92,"GEN"
"mediocre","DRA","USA",91,130,"GEN"
"scadente","AVV","USA",84,117,"GEN"
"buono","COM","USA",53,119,"TUT"
"buono","SPI","USA",62,140,"GEN"
"buono","DRA","USA",79,113,"GEN"
"mediocre","AVV","USA",74,89,"TUT"
"mediocre","DRA","USA",47,119,"GEN"
"buono","AVV","USA",44,100,"GEN"
"buono","DRA","USA",65,192,"GEN"
"mediocre","AVV","USA",93,119,"ADU"
"ottimo","CMC","USA",32,68,"TUT"
"ottimo","SPI","USA",46,101,"GEN"
"buono","CMC","USA",31,77,"TUT"
"mediocre","AVV","USA",68,95,"TUT"
"mediocre","BIO","USA",54,113,"GEN"
"mediocre","AVV","USA",93,90,"ADU"
"mediocre","DRA","USA",61,122,"ADU"
"mediocre","THR","USA",53,81,"GEN"
"mediocre","BEL","USA",76,132,"GEN"
"mediocre","THR","USA",91,100,"ADU"
"mediocre","DRA","USA",91,98,"ADU"
"mediocre","AVV","USA",78,97,"TUT"
"buono","DRA","USA",33,97,"GEN"
"mediocre","THR","USA",92,92,"ADU"
"buono","BEL","USA",88,109,"GEN"
"mediocre","AVV","USA",93,95,"ADU"
"buono","BEL","USA",61,151,"GEN"
"mediocre","THR","USA",86,105,"ADU"
"mediocre","COM","USA",59,100,"ADU"
"buono","THR","USA",81,105,"ADU"
"mediocre","COM","USA",59,100,"GEN"
"mediocre","THR","USA",94,80,"GEN"
"mediocre","COM","USA",88,111,"TUT"
"scadente","THR","USA",92,100,"ADU"
"scadente","COM","USA",90,110,"GEN"
"mediocre","THR","USA",93,90,"ADU"
"buono","COM","USA",66,99,"TUT"
"mediocre","THR","USA",92,100,"ADU"
"mediocre","COM","USA",93,98,"ADU"
"mediocre","AVV","USA",93,106,"GEN"
"mediocre","COM","USA",91,100,"TUT"
"buono","THR","USA",86,90,"ADU"
"buono","DRA","USA",40,103,"ADU"
"mediocre","THR","USA",85,100,"GEN"
"buono","COM","USA",55,109,"TUT"
"mediocre","THR","USA",90,97,"GEN"
"mediocre","DRA","USA",91,111,"ADU"
"mediocre","AVV","USA",93,91,"TUT"
"mediocre","DRA","USA",93,90,"ADU"
"mediocre","THR","USA",92,110,"ADU"
"scadente","DRA","USA",88,90,"ADU"
"mediocre","THR","USA",60,112,"ADU"
"buono","DRA","USA",77,121,"ADU"
"buono","THR","USA",91,100,"GEN"
"capolavoro","DRA","USA",39,212,"GEN"
"mediocre","THR","USA",87,90,"ADU"
"mediocre","DRA","USA",94,100,"GEN"
"buono","THR","USA",56,120,"GEN"
"ottimo","DRA","USA",35,95,"ADU"
"mediocre","THR","USA",87,100,"ADU"
"mediocre","DRA","USA",49,115,"ADU"
"buono","THR","USA",90,135,"GEN"
"buono","DRA","USA",52,117,"GEN"
"mediocre","THR","USA",83,100,"ADU"
"buono","DRA","USA",66,123,"ADU"
"mediocre","THR","USA",93,90,"GEN"
"buono","DRA","USA",55,105,"GEN"
"mediocre","THR","USA",87,110,"ADU"
"buono","CMC","USA",53,95,"TUT"
"buono","THR","USA",67,107,"ADU"
"scadente","BIO","USA",87,100,"ADU"
"scadente","THR","USA",94,92,"ADU"
"mediocre","DRA","USA",54,105,"ADU"
"buono","THR","USA",88,105,"GEN"
"mediocre","DRA","USA",61,98,"GEN"
"mediocre","THR","USA",92,128,"GEN"
"mediocre","DRA","USA",57,157,"ADU"
"buono","THR","USA",91,97,"GEN"
"mediocre","COM","USA",82,98,"GEN"
"mediocre","THR","USA",91,109,"GEN"
"mediocre","COM","USA",89,100,"GEN"
"mediocre","WES","USA",55,88,"TUT"
"mediocre","COM","USA",80,101,"GEN"
"buono","WES","USA",71,105,"GEN"
"mediocre","COM","USA",91,110,"GEN"
"buono","WES","USA",73,105,"GEN"
"mediocre","COM","USA",87,107,"GEN"
"mediocre","WES","USA",66,101,"TUT"
"buono","DRA","USA",56,105,"GEN"
"mediocre","AVV","USA",59,109,"TUT"
"mediocre","DRA","USA",91,105,"ADU"
"ottimo","WES","USA",40,92,"GEN"
"mediocre","COM","USA",52,89,"GEN"
"mediocre","AVV","USA",59,105,"GEN"
"buono","DRA","USA",43,89,"GEN"
"mediocre","AVV","USA",52,110,"GEN"
"buono","DRA","USA",81,120,"GEN"
"mediocre","AVV","USA",54,86,"GEN"
"mediocre","DRA","USA",52,96,"ADU"
"mediocre","WES","USA",76,99,"ADU"
"buono","BEL","USA",65,102,"GEN"
"buono","WES","USA",76,99,"ADU"
"buono","DRA","USA",67,126,"GEN"
"mediocre","AVV","USA",93,105,"TUT"
"mediocre","COM","USA",74,90,"GEN"
"buono","WES","USA",69,130,"GEN"
"mediocre","COM","USA",86,91,"GEN"
"buono","WES","USA",58,100,"GEN"
"scadente","DRA","USA",88,90,"GEN"
"buono","AVV","USA",52,118,"TUT"
"mediocre","DRA","USA",52,96,"GEN"
"buono","WES","USA",58,94,"GEN"
"mediocre","COM","USA",73,103,"GEN"
"buono","WES","USA",53,98,"GEN"
"mediocre","DRA","USA",89,127,"GEN"
"mediocre","WES","USA",51,105,"GEN"
"mediocre","COM","USA",85,95,"ADU"
"buono","WES","USA",48,127,"ADU"
"buono","DRA","USA",87,82,"GEN"
"mediocre","WES","USA",89,119,"ADU"
"mediocre","DRA","USA",94,90,"TUT"
"mediocre","WES","USA",71,102,"TUT"
"buono","DRA","USA",87,115,"GEN"
"mediocre","WES","USA",75,107,"GEN"
"mediocre","COM","USA",90,90,"GEN"
"buono","WES","USA",78,102,"ADU"
"mediocre","COM","USA",89,105,"GEN"
"mediocre","WES","USA",71,109,"GEN"
"mediocre","DRA","ITA",58,110,"GEN"
"mediocre","COM","ITA",76,40,"ADU"
"buono","AVV","USA",32,77,"GEN"
"ottimo","GAN","USA",31,80,"GEN"
"mediocre","COM","ITA",90,80,"GEN"
"buono","MUS","USA",38,80,"GEN"
"mediocre","WES","USA",54,80,"GEN"
"mediocre","DRA","GB",52,80,"GEN"
"mediocre","CMC","USA",93,80,"TUT"
"mediocre","CMC","USA",90,80,"TUT"
"ottimo","POL","USA",52,82,"GEN"
"buono","COM","GB",51,82,"GEN"
"mediocre","HOR","ITA",82,82,"ADU"
"buono","CMC","USA",71,82,"TUT"
"mediocre","POL","USA",89,82,"ADU"
"mediocre","DRA","ITA",41,82,"TUT"
"ottimo","POL","USA",52,82,"GEN"
"buono","COM","GB",51,82,"GEN"
"scadente","DRA","USA",94,83,"GEN"
"scadente","DRA","USA",94,83,"GEN"
"scadente","POL","USA",86,83,"ADU"
"mediocre","HOR","GB",65,83,"ADU"
"capolavoro","COM","USA",36,83,"TUT"
"buono","COM","USA",44,84,"TUT"
"mediocre","AVV","USA",63,84,"TUT"
"scadente","COM","ITA",59,84,"GEN"
"mediocre","COM","USA",89,84,"GEN"
"buono","FAN","USA",44,84,"TUT"
"mediocre","DRA","USA",56,85,"GEN"
"mediocre","DRA","USA",93,85,"GEN"
"buono","COM","ITA",48,85,"TUT"
"buono","CMC","USA",90,85,"TUT"
"mediocre","FAN","USA",90,85,"GEN"
"mediocre","COM","ITA",58,85,"TUT"
"buono","COM","ITA",48,85,"TUT"
"mediocre","CMC","USA",93,85,"TUT"
"mediocre","COM","ITA",47,85,"TUT"
"mediocre","DRA","ITA",91,85,"ADU"
"mediocre","DRA","ITA",93,85,"GEN"
"mediocre","GIA","GB",59,85,"GEN"
"mediocre","DRA","GB",45,85,"GEN"
"mediocre","WES","USA",58,85,"GEN"
"mediocre","WES","USA",58,85,"GEN"
"buono","COM","ITA",63,85,"ADU"
"mediocre","GIA","USA",92,85,"GEN"
"mediocre","DRA","USA",58,86,"GEN"
"buono","COM","FRA",90,86,"GEN"
"mediocre","DRA","FRA",85,86,"ADU"
"mediocre","COM","USA",54,86,"GEN"
"scadente","AVV","USA",55,86,"TUT"
"mediocre","COM","USA",92,86,"TUT"
"mediocre","COM","USA",90,87,"GEN"
"mediocre","AVV","USA",92,87,"ADU"
"mediocre","DRA","USA",55,87,"GEN"
"mediocre","COM","USA",86,87,"GEN"
"scadente","COM","USA",51,87,"TUT"
"buono","DRA","USA",90,87,"ADU"
"mediocre","POL","USA",85,87,"ADU"
"mediocre","DRA","USA",91,87,"GEN"
"mediocre","HOR","USA",91,88,"ADU"
"scadente","THR","USA",92,88,"ADU"
"buono","DRA","USA",49,88,"GEN"
"mediocre","COM","USA",92,88,"TUT"
"scadente","THR","USA",94,88,"ADU"
"buono","DRA","FRA",71,88,"ADU"
"buono","COM","ITA",91,88,"GEN"
"scadente","THR","USA",93,88,"ADU"
"buono","COM","USA",75,88,"GEN"
"scadente","AZI","USA",88,88,"ADU"
"mediocre","WES","USA",49,88,"GEN"
"scadente","COM","ITA",79,88,"GEN"
"mediocre","AVV","USA",88,88,"GEN"
"scadente","AZI","USA",88,88,"ADU"
"scadente","DRA","USA",94,88,"ADU"
"mediocre","COM","USA",92,88,"GEN"
"scadente","CMC","USA",93,88,"ADU"
"mediocre","FAN","USA",71,88,"GEN"
"buono","DRA","USA",49,88,"GEN"
"scadente","CMC","ITA",74,88,"GEN"
"buono","CMC","GB",72,89,"GEN"
"mediocre","COM","ITA",91,89,"GEN"
"mediocre","THR","GB",75,89,"ADU"
"mediocre","DRA","USA",90,89,"ADU"
"mediocre","DRA","USA",90,89,"ADU"
"buono","COM","ITA",90,89,"TUT"
"scadente","THR","USA",92,89,"ADU"
"mediocre","DRA","USA",90,89,"ADU"
"buono","FAN","USA",89,89,"TUT"
"mediocre","COM","USA",89,89,"GEN"
"mediocre","COM","FRA",68,89,"GEN"
"mediocre","WES","USA",47,89,"TUT"
"buono","MUS","USA",93,89,"TUT"
"ottimo","WES","USA",54,89,"GEN"
"scadente","AVV","USA",89,89,"ADU"
"buono","COM","ITA",90,89,"TUT"
"mediocre","COM","USA",89,89,"GEN"
"scadente","AZI","ITA",79,89,"GEN"
"mediocre","COM","ITA",84,89,"GEN"
"ottimo","WES","USA",54,89,"GEN"
"scadente","POL","USA",90,89,"ADU"
"buono","CMC","USA",64,89,"TUT"
"mediocre","COM","ITA",64,90,"GEN"
"scadente","DRA","USA",63,90,"GEN"
"mediocre","DRA","USA",95,90,"GEN"
"mediocre","COM","ITA",55,90,"TUT"
"mediocre","DRA","USA",94,90,"GEN"
"buono","COM","FRA",86,90,"GEN"
"mediocre","COM","ITA",55,90,"TUT"
"mediocre","AVV","USA",93,90,"TUT"
"scadente","THR","USA",55,90,"ADU"
"scadente","COM","ITA",70,90,"ADU"
"buono","GAN","USA",55,90,"GEN"
"buono","COM","GB",90,90,"TUT"
"mediocre","DRA","USA",94,90,"GEN"
"mediocre","DRA","USA",89,90,"ADU"
"scadente","POL","USA",95,90,"ADU"
"mediocre","DRA","FRA",67,90,"ADU"
"scadente","THR","USA",55,90,"ADU"
"mediocre","COM","USA",92,90,"TUT"
"mediocre","CMC","ITA",53,90,"TUT"
"buono","GIA","FRA",81,90,"ADU"
"scadente","THR","USA",95,90,"ADU"
"mediocre","THR","USA",94,90,"ADU"
"scadente","AVV","USA",94,90,"GEN"
"scadente","DRA","USA",78,90,"GEN"
"mediocre","MUS","USA",58,90,"GEN"
"mediocre","COM","USA",74,90,"GEN"
"scadente","THR","USA",92,90,"ADU"
"mediocre","MUS","USA",58,90,"GEN"
"mediocre","COM","ITA",55,90,"TUT"
"mediocre","AVV","USA",90,90,"TUT"
"scadente","POL","USA",94,90,"ADU"
"buono","COM","GB",90,90,"TUT"
"buono","FAN","USA",92,90,"GEN"
"mediocre","DRA","USA",94,90,"GEN"
"scadente","THR","USA",91,90,"ADU"
"mediocre","THR","USA",92,90,"TUT"
"mediocre","AVV","GB",54,90,"TUT"
"scadente","THR","USA",94,90,"GEN"
"buono","DRA","FRA",82,90,"GEN"
"mediocre","DRA","USA",94,90,"TUT"
"mediocre","DRA","USA",51,90,"TUT"
"scadente","GIA","USA",93,90,"GEN"
"mediocre","DRA","USA",93,90,"GEN"
"mediocre","GIA","USA",93,90,"ADU"
"scadente","COM","ITA",73,90,"GEN"
"mediocre","AZI","USA",94,90,"GEN"
"scadente","AZI","USA",88,90,"GEN"
"scadente","THR","USA",93,90,"ADU"
"scadente","DRA","USA",94,90,"ADU"
"mediocre","AVV","ITA",89,90,"GEN"
"mediocre","COM","ITA",58,90,"GEN"
"mediocre","DRA","USA",93,90,"GEN"
"mediocre","DRA","USA",94,90,"ADU"
"scadente","AZI","USA",94,90,"ADU"
"mediocre","GIA","USA",92,90,"GEN"
"mediocre","DRA","USA",93,90,"GEN"
"buono","AZI","USA",88,90,"TUT"
"mediocre","COM","GB",89,90,"GEN"
"mediocre","COM","ITA",64,90,"GEN"
"scadente","FAN","USA",92,90,"ADU"
"scadente","AZI","USA",89,90,"ADU"
"mediocre","COM","ITA",58,90,"GEN"
"mediocre","COM","GB",80,90,"GEN"
"scadente","AZI","USA",88,90,"GEN"
"mediocre","COM","ITA",56,90,"ADU"
"scadente","THR","USA",95,90,"ADU"
"mediocre","DRA","USA",91,90,"ADU"
"scadente","POL","USA",95,90,"ADU"
"mediocre","COM","USA",90,90,"GEN"
"mediocre","DRA","ITA",95,90,"GEN"
"mediocre","POL","USA",95,90,"ADU"
"mediocre","AVV","ITA",89,90,"GEN"
"mediocre","DOC","ITA",54,90,"GEN"
"scadente","AZI","USA",89,90,"ADU"
"mediocre","COM","ITA",91,90,"GEN"
"scadente","CMC","ITA",73,90,"GEN"
"scadente","FAN","USA",92,90,"ADU"
"mediocre","THR","USA",93,90,"ADU"
"scadente","DRA","USA",94,90,"ADU"
"mediocre","COM","USA",49,90,"GEN"
"mediocre","COM","FRA",59,90,"GEN"
"scadente","THR","USA",91,90,"ADU"
"mediocre","DRA","ITA",95,90,"GEN"
"mediocre","COM","FRA",90,90,"GEN"
"mediocre","DRA","USA",94,90,"ADU"
"buono","COM","FRA",60,90,"TUT"
"scadente","THR","USA",92,90,"ADU"
"mediocre","DRA","USA",85,91,"GEN"
"mediocre","SPI","GB",84,91,"GEN"
"scadente","POL","USA",87,91,"ADU"
"scadente","THR","USA",92,91,"ADU"
"buono","COM","USA",86,91,"GEN"
"scadente","THR","CAN",90,91,"ADU"
"scadente","POL","USA",91,91,"GEN"
"mediocre","AVV","GB",65,91,"GEN"
"scadente","THR","USA",87,91,"ADU"
"mediocre","HOR","USA",80,91,"ADU"
"mediocre","COM","GB",58,92,"TUT"
"scadente","COM","ITA",84,92,"TUT"
"scadente","COM","ITA",96,92,"GEN"
"buono","COM","USA",39,92,"ADU"
"mediocre","HOR","USA",86,92,"ADU"
"buono","DRA","USA",67,92,"ADU"
"buono","FAN","USA",86,92,"ADU"
"buono","DRA","ITA",93,92,"GEN"
"mediocre","POL","USA",92,92,"GEN"
"mediocre","COM","GB",58,92,"TUT"
"mediocre","COM","ITA",94,92,"TUT"
"buono","FAN","USA",90,92,"GEN"
"mediocre","DRA","ITA",42,92,"GEN"
"mediocre","COM","ITA",58,92,"GEN"
"buono","POL","USA",89,92,"ADU"
"buono","COM","USA",85,92,"GEN"
"mediocre","AZI","USA",87,92,"GEN"
"mediocre","POL","USA",73,92,"ADU"
"buono","POL","USA",94,92,"ADU"
"mediocre","COM","ITA",58,92,"GEN"
"ottimo","DRA","ITA",67,92,"ADU"
"buono","COM","ITA",53,92,"GEN"
"mediocre","DRA","GB",59,92,"ADU"
"scadente","COM","ITA",88,92,"GEN"
"scadente","COM","ITA",92,93,"GEN"
"scadente","HOR","USA",91,93,"GEN"
"scadente","BEL","GB",88,93,"GEN"
"buono","WES","USA",50,93,"GEN"
"scadente","ERO","ITA",84,93,"ADU"
"mediocre","COM","USA",93,93,"TUT"
"buono","COM","USA",87,93,"ADU"
"mediocre","GIA","USA",63,93,"GEN"
"mediocre","COM","USA",87,93,"GEN"
"scadente","CMC","ITA",86,93,"TUT"
"mediocre","COM","USA",87,93,"GEN"
"buono","THR","USA",86,93,"ADU"
"mediocre","GIA","USA",73,93,"ADU"
"mediocre","AVV","USA",77,93,"GEN"
"buono","COM","USA",66,93,"TUT"
"ottimo","GRO","GB",64,93,"GEN"
"scadente","AVV","USA",92,93,"ADU"
"scadente","COM","ITA",92,93,"GEN"
"mediocre","THR","USA",93,93,"GEN"
"ottimo","GRO","GB",64,93,"GEN"
"mediocre","COM","GB",69,93,"TUT"
"mediocre","GIA","USA",63,93,"GEN"
"mediocre","COM","USA",93,93,"TUT"
"scadente","THR","USA",92,93,"ADU"
"mediocre","AVV","USA",58,93,"TUT"
"scadente","THR","USA",92,93,"ADU"
"mediocre","FAN","GB",67,94,"GEN"
"scadente","CMC","USA",87,94,"ADU"
"mediocre","COM","USA",91,94,"ADU"
"ottimo","COM","USA",77,94,"ADU"
"buono","POL","USA",92,94,"ADU"
"buono","POL","USA",92,94,"ADU"
"mediocre","AZI","USA",70,94,"GEN"
"mediocre","AVV","USA",63,94,"GEN"
"mediocre","DRA","USA",90,94,"ADU"
"mediocre","DRA","GB",64,94,"GEN"
"mediocre","AZI","FRA",70,94,"GEN"
"buono","DRA","USA",76,94,"GEN"
"ottimo","COM","ITA",52,94,"TUT"
"mediocre","SPI","USA",47,95,"GEN"
"buono","DRA","GB",90,95,"ADU"
"mediocre","WES","FRA",71,95,"ADU"
"mediocre","COM","USA",71,95,"GEN"
"buono","DRA","ITA",94,95,"ADU"
"mediocre","COM","ITA",70,95,"GEN"
"buono","DRA","USA",40,95,"GEN"
"mediocre","THR","USA",86,95,"ADU"
"mediocre","DRA","USA",57,95,"GEN"
"scadente","FAN","USA",90,95,"TUT"
"scadente","BEL","ITA",70,95,"GEN"
"scadente","GIA","ITA",71,95,"GEN"
"buono","COM","ITA",54,95,"TUT"
"mediocre","COM","ITA",58,95,"GEN"
"mediocre","GRO","ITA",91,95,"ADU"
"mediocre","DRA","USA",94,95,"GEN"
"mediocre","DRA","ITA",93,95,"GEN"
"mediocre","COM","ITA",46,95,"TUT"
"mediocre","COM","USA",91,95,"GEN"
"mediocre","DRA","USA",88,95,"GEN"
"scadente","AZI","USA",85,95,"ADU"
"mediocre","FAN","USA",93,95,"ADU"
"mediocre","COM","GB",69,95,"GEN"
"scadente","AZI","ITA",76,95,"ADU"
"mediocre","CMC","ITA",77,95,"ADU"
"mediocre","AVV","USA",91,95,"GEN"
"mediocre","CMC","USA",84,95,"GEN"
"mediocre","HOR","USA",91,95,"ADU"
"buono","DRA","ITA",55,95,"GEN"
"mediocre","DRA","ITA",91,95,"TUT"
"buono","HOR","USA",90,95,"ADU"
"mediocre","COM","USA",89,95,"GEN"
"mediocre","DRA","ITA",92,95,"ADU"
"mediocre","STO","GB",47,95,"GEN"
"mediocre","FAN","USA",86,95,"TUT"
"scadente","FAN","USA",90,95,"GEN"
"mediocre","FAN","USA",90,95,"GEN"
"scadente","DRA","SPA",89,95,"ADU"
"mediocre","BIO","USA",51,95,"GEN"
"mediocre","DRA","GB",48,95,"GEN"
"mediocre","COM","ITA",70,95,"GEN"
"scadente","DRA","SPA",89,95,"ADU"
"mediocre","AZI","USA",88,95,"ADU"
"scadente","GIA","ITA",84,95,"GEN"
"mediocre","DRA","FRA",58,95,"GEN"
"mediocre","FAN","USA",90,95,"GEN"
"mediocre","COM","ITA",73,95,"GEN"
"mediocre","SPI","USA",47,95,"GEN"
"scadente","DRA","USA",91,95,"GEN"
"mediocre","CMC","ITA",89,95,"TUT"
"buono","POL","USA",64,95,"ADU"
"buono","DRA","USA",55,95,"ADU"
"mediocre","AVV","USA",85,95,"GEN"
"mediocre","COM","ITA",92,95,"GEN"
"scadente","AVV","ITA",67,95,"GEN"
"buono","COM","ITA",68,95,"ADU"
"mediocre","THR","PAN",76,95,"ADU"
"mediocre","AZI","USA",88,95,"ADU"
"mediocre","AVV","ITA",79,95,"TUT"
"mediocre","COM","ITA",88,95,"GEN"
"mediocre","WES","USA",76,95,"GEN"
"buono","DRA","USA",55,95,"ADU"
"buono","GIA","USA",54,95,"GEN"
"mediocre","DRA","USA",92,95,"ADU"
"scadente","AZI","ITA",76,95,"ADU"
"mediocre","FAN","ITA",86,96,"TUT"
"mediocre","WES","USA",66,96,"GEN"
"mediocre","COM","USA",58,96,"TUT"
"buono","COM","USA",81,96,"TUT"
"mediocre","FAN","USA",85,96,"GEN"
"scadente","DRA","USA",87,96,"ADU"
"mediocre","COM","USA",58,96,"GEN"
"scadente","AZI","USA",85,96,"ADU"
"scadente","AVV","ITA",86,96,"TUT"
"mediocre","AVV","USA",55,96,"GEN"
"scadente","THR","USA",92,96,"ADU"
"mediocre","THR","USA",88,96,"ADU"
"buono","AVV","USA",50,96,"TUT"
"mediocre","AZI","USA",88,96,"GEN"
"mediocre","COM","USA",58,96,"TUT"
"mediocre","AZI","USA",88,96,"GEN"
"buono","AVV","USA",50,96,"TUT"
"mediocre","THR","USA",90,96,"ADU"
"mediocre","COM","USA",86,96,"TUT"
"buono","COM","FRA",90,96,"GEN"
"mediocre","COM","USA",90,96,"GEN"
"scadente","GIA","USA",89,96,"ADU"
"mediocre","COM","USA",83,96,"ADU"
"buono","POL","USA",90,96,"ADU"
"mediocre","COM","USA",93,97,"GEN"
"mediocre","COM","ITA",61,97,"GEN"
"mediocre","GIA","USA",82,97,"ADU"
"buono","AZI","USA",88,97,"GEN"
"mediocre","GAN","USA",38,97,"GEN"
"scadente","THR","USA",88,97,"ADU"
"mediocre","COM","USA",90,97,"TUT"
"buono","AZI","USA",73,97,"GEN"
"buono","STO","USA",33,97,"TUT"
"ottimo","POL","USA",55,97,"GEN"
"ottimo","POL","USA",55,97,"GEN"
"mediocre","GIA","USA",82,97,"GEN"
"scadente","CMC","ITA",91,97,"ADU"
"mediocre","COM","USA",64,97,"TUT"
"mediocre","COM","ITA",52,97,"TUT"
"mediocre","HOR","USA",91,97,"ADU"
"mediocre","COM","USA",89,97,"GEN"
"scadente","THR","USA",91,97,"ADU"
"mediocre","COM","USA",87,97,"ADU"
"buono","POL","USA",82,97,"GEN"
"mediocre","COM","USA",90,97,"GEN"
"mediocre","COM","ITA",61,97,"GEN"
"mediocre","COM","USA",83,97,"GEN"
"mediocre","COM","USA",64,97,"TUT"
"mediocre","AZI","USA",89,98,"GEN"
"mediocre","DRA","USA",51,98,"TUT"
"scadente","DRA","USA",93,98,"ADU"
"mediocre","DRA","ITA",63,98,"GEN"
"ottimo","COM","USA",68,98,"TUT"
"mediocre","COM","USA",88,98,"GEN"
"mediocre","CMC","ITA",93,98,"TUT"
"mediocre","DRA","ITA",56,98,"TUT"
"buono","COM","FRA",52,98,"ADU"
"mediocre","COM","USA",90,98,"GEN"
"mediocre","DRA","USA",85,98,"GEN"
"mediocre","AVV","USA",92,98,"ADU"
"scadente","DRA","USA",93,98,"ADU"
"mediocre","COM","ITA",59,98,"TUT"
"mediocre","COM","GB",92,98,"GEN"
"mediocre","COM","ITA",66,98,"GEN"
"mediocre","POL","ITA",80,98,"GEN"
"buono","GAN","USA",47,98,"GEN"
"mediocre","COM","USA",87,98,"GEN"
"mediocre","AZI","USA",89,98,"GEN"
"mediocre","THR","ITA",88,98,"ADU"
"mediocre","COM","ITA",56,98,"TUT"
"buono","COM","USA",76,99,"GEN"
"mediocre","POL","ITA",72,99,"ADU"
"buono","GAN","USA",60,99,"GEN"
"scadente","DRA","ITA",93,99,"ADU"
"mediocre","COM","USA",64,99,"GEN"
"mediocre","COM","USA",76,99,"GEN"
"buono","FAN","USA",86,99,"TUT"
"mediocre","DRA","SPA",89,99,"ADU"
"mediocre","DRA","ITA",90,99,"ADU"
"buono","HOR","ITA",83,99,"ADU"
"mediocre","DRA","ITA",90,99,"ADU"
"mediocre","HOR","GB",73,99,"ADU"
"mediocre","DRA","ITA",90,99,"ADU"
"mediocre","CMC","ITA",81,99,"TUT"
"buono","WES","USA",58,99,"GEN"
"buono","AVV","GB",38,99,"TUT"
"mediocre","COM","USA",91,99,"TUT"
"mediocre","COM","USA",92,99,"GEN"
"mediocre","DRA","ITA",90,99,"ADU"
"mediocre","COM","ITA",85,99,"GEN"
"buono","COM","USA",76,99,"GEN"
"scadente","FAN","USA",89,100,"GEN"
"scadente","COM","ITA",82,100,"GEN"
"mediocre","COM","USA",85,100,"GEN"
"mediocre","DRA","FRA",58,100,"ADU"
"mediocre","DRA","ITA",93,100,"GEN"
"buono","DRA","USA",56,100,"ADU"
"mediocre","THR","USA",94,100,"ADU"
"ottimo","WES","USA",68,100,"GEN"
"buono","DRA","USA",90,100,"ADU"
"buono","DRA","ITA",93,100,"ADU"
"mediocre","COM","USA",76,100,"GEN"
"mediocre","COM","ITA",75,100,"GEN"
"mediocre","THR","USA",90,100,"ADU"
"mediocre","CMC","ITA",83,100,"TUT"
"scadente","THR","USA",95,100,"ADU"
"mediocre","COM","ITA",55,100,"GEN"
"buono","COM","ITA",77,100,"ADU"
"mediocre","THR","USA",83,100,"GEN"
"mediocre","DRA","USA",91,100,"GEN"
"mediocre","AZI","USA",92,100,"ADU"
"buono","COM","ITA",84,100,"TUT"
"mediocre","THR","USA",92,100,"ADU"
"mediocre","FAN","USA",83,100,"ADU"
"mediocre","GIA","GB",71,100,"GEN"
"mediocre","GIA","USA",82,100,"GEN"
"mediocre","GIA","GB",78,100,"GEN"
"scadente","THR","USA",94,100,"ADU"
"mediocre","DRA","USA",87,100,"ADU"
"mediocre","DRA","USA",90,100,"ADU"
"mediocre","COM","USA",80,100,"TUT"
"mediocre","AZI","USA",95,100,"ADU"
"scadente","DRA","USA",86,100,"GEN"
"mediocre","AZI","USA",92,100,"ADU"
"buono","COM","ITA",74,100,"ADU"
"mediocre","COM","USA",53,100,"TUT"
"scadente","THR","USA",91,100,"ADU"
"scadente","GIA","USA",86,100,"GEN"
"scadente","THR","USA",95,100,"ADU"
"mediocre","MUS","USA",47,100,"GEN"
"mediocre","DRA","SPA",93,100,"ADU"
"mediocre","COM","ITA",90,100,"GEN"
"mediocre","COM","ITA",56,100,"TUT"
"mediocre","COM","USA",60,100,"TUT"
"scadente","THR","USA",92,100,"ADU"
"scadente","COM","ITA",92,100,"ADU"
"scadente","POL","USA",89,100,"ADU"
"mediocre","GIA","USA",84,100,"GEN"
"scadente","POL","USA",94,100,"ADU"
"mediocre","DRA","USA",88,100,"GEN"
"mediocre","POL","USA",89,100,"TUT"
"mediocre","SPI","USA",67,100,"ADU"
"mediocre","AVV","USA",88,100,"GEN"
"mediocre","MUS","USA",47,100,"ADU"
"mediocre","COM","USA",64,100,"GEN"
"ottimo","WES","USA",68,100,"GEN"
"mediocre","AVV","USA",85,100,"GEN"
"mediocre","POL","USA",83,100,"GEN"
"mediocre","DRA","ITA",95,100,"GEN"
"mediocre","DRA","USA",90,100,"ADU"
"buono","COM","USA",88,100,"GEN"
"buono","COM","USA",91,100,"GEN"
"mediocre","BEL","USA",67,100,"GEN"
"mediocre","THR","USA",84,100,"GEN"
"mediocre","GIA","ITA",88,100,"GEN"
"mediocre","COM","USA",87,100,"GEN"
"mediocre","COM","ITA",57,100,"GEN"
"mediocre","GIA","GB",71,100,"GEN"
"mediocre","SEN","USA",41,100,"TUT"
"mediocre","COM","SPA",82,100,"ADU"
"mediocre","COM","USA",63,100,"TUT"
"mediocre","AVV","USA",90,100,"ADU"
"mediocre","DRA","ITA",54,100,"GEN"
"mediocre","COM","USA",87,100,"GEN"
"mediocre","GIA","USA",90,100,"GEN"
"scadente","COM","ITA",82,100,"GEN"
"mediocre","COM","ITA",78,100,"ADU"
"mediocre","AVV","ITA",69,100,"GEN"
"buono","COM","ITA",75,100,"TUT"
"mediocre","DRA","USA",63,101,"GEN"
"mediocre","DRA","USA",53,101,"ADU"
"mediocre","COM","ITA",86,101,"ADU"
"mediocre","COM","ITA",62,101,"GEN"
"buono","DRA","USA",53,101,"GEN"
"mediocre","COM","USA",84,101,"GEN"
"mediocre","BEL","USA",90,101,"ADU"
"scadente","FAN","USA",78,101,"TUT"
"scadente","AZI","USA",88,101,"ADU"
"mediocre","DRA","USA",63,101,"GEN"
"buono","WES","USA",53,101,"GEN"
"mediocre","DRA","ITA",93,101,"ADU"
"mediocre","DRA","USA",77,101,"ADU"
"mediocre","COM","USA",42,101,"TUT"
"ottimo","THR","USA",89,101,"ADU"
"mediocre","AVV","USA",78,101,"TUT"
"mediocre","STO","USA",63,101,"TUT"
"mediocre","BEL","USA",90,101,"ADU"
"mediocre","COM","ITA",86,101,"ADU"
"buono","COM","ITA",56,101,"GEN"
"scadente","AVV","ITA",90,101,"GEN"
"mediocre","BEL","GB",90,101,"GEN"
"buono","DRA","USA",53,101,"GEN"
"ottimo","DRA","USA",63,101,"ADU"
"mediocre","COM","USA",91,101,"TUT"
"mediocre","COM","USA",42,101,"TUT"
"buono","COM","USA",87,102,"GEN"
"buono","DRA","USA",63,102,"ADU"
"mediocre","DRA","ITA",53,102,"GEN"
"mediocre","SEN","USA",93,102,"GEN"
"buono","GIA","USA",87,102,"ADU"
"buono","BEL","USA",88,102,"GEN"
"mediocre","BEL","GB",42,102,"ADU"
"buono","POL","FRA",69,102,"GEN"
"scadente","THR","USA",92,102,"ADU"
"buono","POL","USA",73,102,"GEN"
"mediocre","COM","GB",68,102,"GEN"
"mediocre","SEN","USA",93,102,"GEN"
"buono","DRA","USA",91,102,"GEN"
"mediocre","COM","USA",87,102,"GEN"
"scadente","COM","ITA",81,102,"TUT"
"mediocre","DRA","USA",89,102,"GEN"
"mediocre","COM","USA",65,102,"TUT"
"scadente","COM","ITA",81,102,"TUT"
"mediocre","POL","FRA",87,102,"ADU"
"mediocre","COM","ITA",91,102,"TUT"
"buono","THR","USA",41,102,"GEN"
"mediocre","COM","USA",86,102,"GEN"
"mediocre","AVV","USA",79,102,"GEN"
"buono","DRA","USA",74,102,"GEN"
"mediocre","AVV","ITA",77,102,"GEN"
"mediocre","THR","USA",85,103,"ADU"
"mediocre","COM","ITA",77,103,"GEN"
"buono","FAN","USA",80,103,"ADU"
"mediocre","COM","ITA",80,103,"GEN"
"mediocre","AVV","ITA",75,103,"GEN"
"ottimo","COM","ITA",71,103,"GEN"
"mediocre","COM","ITA",65,103,"ADU"
"mediocre","COM","USA",87,103,"TUT"
"mediocre","COM","FRA",91,103,"GEN"
"mediocre","DRA","USA",89,103,"GEN"
"buono","COM","USA",80,103,"TUT"
"scadente","BIO","ITA",75,103,"GEN"
"buono","DRA","ITA",51,103,"GEN"
"buono","WES","USA",68,103,"GEN"
"mediocre","DRA","GB",89,103,"ADU"
"mediocre","COM","ITA",92,103,"TUT"
"scadente","POL","USA",87,104,"ADU"
"scadente","POL","USA",87,104,"ADU"
"buono","COM","ITA",64,104,"ADU"
"scadente","AVV","USA",84,104,"GEN"
"mediocre","COM","USA",83,104,"GEN"
"mediocre","AVV","USA",84,104,"GEN"
"buono","COM","USA",67,104,"GEN"
"ottimo","WES","USA",55,104,"ADU"
"mediocre","AVV","USA",73,104,"GEN"
"mediocre","AVV","USA",49,104,"GEN"
"buono","COM","USA",92,104,"GEN"
"buono","AVV","USA",80,104,"ADU"
"mediocre","DRA","USA",39,104,"TUT"
"buono","BEL","USA",57,104,"GEN"
"mediocre","COM","ITA",60,104,"ADU"
"mediocre","FAN","ITA",80,104,"TUT"
"scadente","COM","ITA",67,104,"GEN"
"scadente","AVV","USA",84,104,"GEN"
"buono","BEL","USA",51,105,"GEN"
"buono","COM","ITA",69,105,"GEN"
"mediocre","POL","USA",73,105,"GEN"
"mediocre","HOR","GB",80,105,"ADU"
"mediocre","COM","USA",91,105,"GEN"
"mediocre","COM","USA",91,105,"GEN"
"buono","COM","USA",91,105,"GEN"
"buono","POL","USA",91,105,"GEN"
"ottimo","DRA","USA",48,105,"TUT"
"mediocre","STO","ITA",86,105,"GEN"
"mediocre","DRA","FRA",94,105,"ADU"
"mediocre","AZI","USA",93,105,"GEN"
"mediocre","COM","USA",82,105,"GEN"
"buono","DRA","USA",73,105,"GEN"
"buono","DRA","USA",71,105,"ADU"
"scadente","COM","ITA",82,105,"GEN"
"mediocre","COM","USA",38,105,"GEN"
"buono","AVV","USA",87,105,"GEN"
"ottimo","DRA","USA",87,105,"GEN"
"mediocre","POL","USA",73,105,"GEN"
"ottimo","COM","USA",34,105,"GEN"
"buono","COM","USA",71,105,"GEN"
"ottimo","BIO","USA",34,105,"ADU"
"scadente","COM","ITA",82,105,"GEN"
"scadente","AVV","USA",77,105,"GEN"
"buono","AVV","USA",83,105,"TUT"
"mediocre","COM","USA",56,105,"TUT"
"ottimo","COM","FRA",70,105,"GEN"
"mediocre","STO","ITA",86,105,"GEN"
"buono","DRA","USA",91,105,"GEN"
"buono","COM","USA",91,105,"TUT"
"mediocre","SEN","USA",76,105,"TUT"
"buono","COM","USA",91,105,"GEN"
"mediocre","COM","ITA",75,105,"ADU"
"mediocre","COM","USA",81,105,"ADU"
"mediocre","AVV","USA",75,105,"TUT"
"scadente","THR","USA",92,105,"ADU"
"mediocre","DRA","USA",91,105,"GEN"
"ottimo","COM","FRA",70,105,"GEN"
"mediocre","HOR","GB",88,105,"GEN"
"mediocre","COM","ITA",76,105,"ADU"
"mediocre","COM","ITA",85,105,"ADU"
"buono","POL","USA",87,106,"GEN"
"mediocre","WES","USA",75,106,"GEN"
"ottimo","AVV","GB",40,106,"TUT"
"buono","COM","ITA",72,106,"ADU"
"buono","AVV","USA",48,106,"GEN"
"mediocre","POL","USA",90,106,"GEN"
"buono","DRA","ITA",71,106,"GEN"
"mediocre","HOR","ITA",87,106,"ADU"
"buono","STO","USA",55,106,"GEN"
"mediocre","COM","ITA",64,106,"ADU"
"scadente","THR","USA",95,106,"ADU"
"mediocre","THR","USA",86,106,"GEN"
"mediocre","POL","USA",90,106,"GEN"
"mediocre","FAN","USA",84,106,"TUT"
"buono","DRA","ITA",63,106,"ADU"
"scadente","DRA","ITA",82,106,"GEN"
"mediocre","AVV","GER",91,106,"TUT"
"mediocre","DRA","INT",90,107,"GEN"
"mediocre","GIA","USA",93,107,"ADU"
"scadente","HOR","USA",78,107,"ADU"
"buono","GIA","USA",91,107,"GEN"
"buono","AVV","GB",76,107,"GEN"
"mediocre","COM","USA",89,107,"GEN"
"mediocre","DRA","ITA",84,107,"ADU"
"buono","CMC","USA",63,107,"TUT"
"mediocre","COM","USA",55,107,"TUT"
"buono","DRA","USA",89,107,"GEN"
"mediocre","DRA","USA",81,107,"ADU"
"mediocre","DRA","USA",81,107,"ADU"
"mediocre","COM","USA",87,107,"GEN"
"ottimo","DRA","ITA",61,107,"ADU"
"buono","FAN","USA",87,107,"ADU"
"buono","COM","USA",89,107,"TUT"
"mediocre","DRA","USA",56,107,"GEN"
"mediocre","POL","ITA",80,108,"GEN"
"mediocre","CMC","USA",81,108,"TUT"
"buono","DRA","USA",48,108,"GEN"
"mediocre","COM","ITA",61,108,"ADU"
"buono","DRA","USA",78,108,"ADU"
"mediocre","WES","USA",53,108,"GEN"
"mediocre","STO","ITA",88,108,"GEN"
"mediocre","COM","ITA",61,108,"ADU"
"buono","COM","USA",67,108,"TUT"
"buono","COM","USA",52,108,"GEN"
"mediocre","THR","USA",89,108,"GEN"
"ottimo","COM","ITA",72,108,"ADU"
"buono","MUS","USA",54,108,"TUT"
"scadente","DRA","USA",81,108,"ADU"
"mediocre","AVV","USA",85,108,"GEN"
"buono","DRA","USA",78,108,"ADU"
"mediocre","STO","ITA",88,108,"GEN"
"buono","HOR","USA",88,108,"GEN"
"mediocre","THR","USA",89,108,"GEN"
"buono","HOR","USA",88,108,"GEN"
"buono","SEN","USA",37,108,"GEN"
"buono","DRA","USA",81,109,"GEN"
"buono","GIA","USA",84,109,"ADU"
"mediocre","COM","USA",85,109,"GEN"
"mediocre","STO","USA",60,109,"GEN"
"ottimo","DRA","USA",72,109,"ADU"
"mediocre","DRA","USA",79,109,"GEN"
"buono","COM","USA",90,109,"TUT"
"mediocre","STO","USA",60,109,"GEN"
"buono","DRA","USA",56,109,"GEN"
"buono","WES","USA",61,109,"TUT"
"mediocre","AVV","USA",42,109,"TUT"
"mediocre","WES","USA",93,109,"GEN"
"mediocre","FAN","USA",87,109,"TUT"
"mediocre","DRA","USA",93,109,"TUT"
"buono","DRA","USA",49,109,"GEN"
"mediocre","DRA","USA",87,109,"ADU"
"buono","COM","ITA",54,109,"GEN"
"mediocre","DRA","USA",90,110,"GEN"
"mediocre","COM","USA",80,110,"TUT"
"scadente","AVV","USA",84,110,"TUT"
"mediocre","DRA","USA",79,110,"ADU"
"ottimo","DRA","ITA",60,110,"TUT"
"mediocre","BEL","USA",49,110,"GEN"
"buono","FAN","USA",92,110,"ADU"
"buono","COM","USA",39,110,"TUT"
"buono","DRA","USA",49,110,"GEN"
"mediocre","COM","USA",63,110,"ADU"
"mediocre","COM","ITA",65,110,"GEN"
"mediocre","DRA","USA",87,110,"GEN"
"mediocre","CMC","ITA",73,110,"ADU"
"mediocre","COM","USA",90,110,"GEN"
"mediocre","DRA","ITA",77,110,"GEN"
"buono","COM","USA",92,110,"GEN"
"ottimo","COM","SVE",55,110,"ADU"
"buono","POL","USA",89,110,"ADU"
"buono","AVV","USA",55,110,"GEN"
"scadente","CMC","ITA",80,110,"ADU"
"mediocre","COM","USA",63,110,"ADU"
"mediocre","CMC","ITA",58,110,"TUT"
"mediocre","COM","ITA",86,110,"GEN"
"mediocre","COM","ITA",87,110,"GEN"
"buono","DRA","USA",49,110,"GEN"
"mediocre","COM","USA",93,110,"GEN"
"scadente","COM","ITA",89,110,"GEN"
"mediocre","DRA","USA",90,110,"GEN"
"mediocre","DRA","ITA",54,110,"GEN"
"mediocre","COM","ITA",87,110,"GEN"
"mediocre","COM","ITA",87,110,"GEN"
"buono","DRA","USA",84,110,"GEN"
"scadente","DRA","USA",76,110,"ADU"
"ottimo","DRA","ITA",60,110,"TUT"
"mediocre","COM","ITA",62,110,"GEN"
"mediocre","DRA","USA",87,110,"GEN"
"mediocre","COM","USA",58,110,"TUT"
"mediocre","COM","ITA",86,110,"GEN"
"ottimo","COM","ITA",50,110,"TUT"
"mediocre","COM","USA",87,111,"TUT"
"mediocre","AVV","USA",78,111,"GEN"
"buono","COM","GB",93,111,"GEN"
"mediocre","DRA","USA",88,111,"ADU"
"mediocre","DRA","USA",88,111,"ADU"
"buono","MUS","USA",55,111,"TUT"
"mediocre","COM","ITA",71,111,"GEN"
"buono","DRA","USA",87,112,"GEN"
"mediocre","WES","USA",79,112,"GEN"
"mediocre","AZI","USA",91,112,"GEN"
"mediocre","COM","ITA",84,112,"TUT"
"scadente","COM","AUT",88,112,"TUT"
"mediocre","DRA","USA",87,112,"ADU"
"mediocre","COM","USA",92,112,"TUT"
"scadente","COM","AUS",88,112,"TUT"
"buono","COM","USA",42,112,"TUT"
"scadente","COM","ITA",92,112,"GEN"
"mediocre","DRA","ITA",94,112,"GEN"
"mediocre","WES","USA",79,112,"GEN"
"ottimo","DRA","ITA",51,113,"GEN"
"ottimo","DRA","USA",76,113,"ADU"
"mediocre","POL","USA",70,113,"ADU"
"buono","DRA","USA",46,113,"ADU"
"mediocre","COM","USA",86,113,"ADU"
"buono","DRA","FRA",89,113,"GEN"
"mediocre","COM","ITA",70,113,"ADU"
"ottimo","DRA","USA",78,113,"ADU"
"mediocre","WES","GB",68,113,"GEN"
"ottimo","MUS","USA",44,113,"TUT"
"ottimo","DRA","USA",75,113,"ADU"
"mediocre","COM","ITA",85,113,"TUT"
"mediocre","BEL","ITA",68,113,"GEN"
"scadente","COM","ITA",85,113,"GEN"
"ottimo","POL","USA",49,114,"ADU"
"mediocre","COM","USA",64,114,"GEN"
"ottimo","POL","USA",49,114,"ADU"
"mediocre","AVV","USA",58,114,"GEN"
"scadente","COM","ITA",82,114,"TUT"
"buono","POL","USA",70,114,"ADU"
"ottimo","THR","USA",44,114,"ADU"
"ottimo","CRI","USA",74,114,"GEN"
"scadente","AVV","ITA",78,114,"TUT"
"scadente","COM","ITA",82,114,"TUT"
"mediocre","DRA","USA",90,114,"ADU"
"buono","POL","USA",85,114,"GEN"
"ottimo","GIA","USA",46,114,"ADU"
"buono","GIA","USA",90,114,"GEN"
"buono","WES","USA",70,114,"GEN"
"ottimo","THR","USA",44,114,"ADU"
"mediocre","AVV","USA",84,114,"ADU"
"mediocre","COM","USA",64,114,"GEN"
"mediocre","AVV","GB",63,115,"GEN"
"buono","COM","USA",90,115,"GEN"
"buono","DRA","USA",61,115,"ADU"
"ottimo","DRA","BEL",88,115,"TUT"
"mediocre","GIA","USA",82,115,"GEN"
"buono","DRA","AUS",75,115,"GEN"
"buono","COM","ITA",86,115,"GEN"
"buono","DRA","USA",55,115,"GEN"
"buono","DRA","USA",93,115,"ADU"
"mediocre","COM","USA",91,115,"GEN"
"mediocre","WES","ITA",71,115,"GEN"
"ottimo","AVV","GB",39,115,"TUT"
"ottimo","DRA","USA",32,115,"GEN"
"buono","COM","GB",85,115,"GEN"
"mediocre","POL","USA",73,115,"GEN"
"mediocre","WES","ITA",71,115,"GEN"
"mediocre","COM","USA",64,115,"ADU"
"buono","COM","USA",78,116,"TUT"
"buono","GRO","USA",65,116,"GEN"
"buono","COM","USA",83,116,"GEN"
"buono","AVV","USA",92,116,"ADU"
"ottimo","COM","USA",81,116,"GEN"
"scadente","COM","USA",89,116,"GEN"
"mediocre","SPI","USA",65,116,"GEN"
"mediocre","COM","ITA",78,117,"GEN"
"mediocre","COM","ITA",83,117,"GEN"
"ottimo","FAN","USA",79,117,"ADU"
"mediocre","COM","ITA",78,117,"GEN"
"buono","DRA","USA",58,117,"GEN"
"buono","DRA","USA",88,117,"ADU"
"mediocre","AVV","USA",90,118,"ADU"
"buono","COM","USA",57,118,"GEN"
"mediocre","DRA","GB",52,118,"GEN"
"buono","WES","USA",53,118,"ADU"
"buono","WES","USA",60,118,"GEN"
"mediocre","HOR","USA",85,118,"ADU"
"buono","CMC","ITA",94,118,"TUT"
"ottimo","SEN","USA",73,118,"GEN"
"buono","COM","ITA",54,118,"GEN"
"buono","AVV","USA",84,118,"TUT"
"buono","AVV","USA",84,118,"TUT"
"buono","GIA","USA",22,118,"GEN"
"ottimo","DRA","ITA",61,119,"ADU"
"buono","AVV","USA",76,119,"GEN"
"mediocre","COM","GB",63,119,"GEN"
"buono","AVV","USA",35,119,"TUT"
"mediocre","COM","GB",63,119,"GEN"
"buono","COM","USA",89,119,"GEN"
"ottimo","WES","USA",56,119,"ADU"
"buono","CMC","ITA",91,120,"TUT"
"mediocre","DRA","USA",94,120,"GEN"
"mediocre","THR","USA",78,120,"GEN"
"mediocre","HOR","USA",92,120,"ADU"
"mediocre","THR","USA",78,120,"GEN"
"scadente","THR","USA",90,120,"ADU"
"mediocre","DRA","ITA",90,120,"ADU"
"scadente","AVV","USA",79,120,"TUT"
"mediocre","DRA","ITA",90,120,"GEN"
"mediocre","AVV","USA",92,120,"ADU"
"mediocre","COM","ITA",57,120,"TUT"
"mediocre","MUS","USA",91,120,"ADU"
"mediocre","DRA","USA",90,120,"ADU"
"buono","DRA","USA",78,120,"ADU"
"mediocre","DRA","ITA",90,120,"GEN"
"scadente","POL","USA",90,120,"ADU"
"buono","COM","USA",64,120,"TUT"
"mediocre","SEN","USA",80,120,"TUT"
"scadente","THR","USA",90,120,"ADU"
"mediocre","DRA","USA",94,120,"ADU"
"mediocre","DRA","USA",92,120,"GEN"
"buono","DRA","USA",58,120,"GEN"
"buono","HOR","USA",82,120,"ADU"
"buono","COM","USA",90,120,"GEN"
"mediocre","POL","FRA",83,120,"GEN"
"buono","DRA","ITA",64,120,"GEN"
"mediocre","DRA","USA",56,121,"GEN"
"buono","WES","USA",59,121,"GEN"
"mediocre","DRA","GB",90,121,"GEN"
"buono","COM","USA",56,121,"GEN"
"capolavoro","WES","USA",59,121,"GEN"
"mediocre","SEN","USA",59,121,"GEN"
"mediocre","DRA","GB",90,121,"GEN"
"buono","THR","USA",62,121,"GEN"
"mediocre","AVV","USA",74,122,"GEN"
"buono","PSI","FRA",81,122,"ADU"
"buono","COM","USA",79,122,"GEN"
"mediocre","DRA","USA",88,122,"GEN"
"mediocre","DRA","USA",88,122,"GEN"
"mediocre","AVV","USA",89,122,"GEN"
"mediocre","AVV","USA",85,123,"GEN"
"mediocre","AVV","USA",85,123,"ADU"
"mediocre","DRA","USA",41,123,"GEN"
"buono","DRA","USA",89,123,"GEN"
"buono","DRA","USA",90,123,"ADU"
"buono","DRA","USA",86,123,"GEN"
"buono","THR","USA",79,123,"GEN"
"buono","AVV","GB",77,123,"GEN"
"buono","AVV","USA",40,123,"ADU"
"mediocre","AVV","GB",86,123,"GEN"
"ottimo","AVV","USA",75,124,"GEN"
"buono","DRA","USA",87,124,"ADU"
"mediocre","COM","ITA",71,124,"GEN"
"mediocre","COM","USA",60,124,"GEN"
"mediocre","SEN","USA",59,124,"GEN"
"scadente","COM","ITA",73,124,"ADU"
"mediocre","COM","USA",89,124,"GEN"
"mediocre","SEN","USA",59,124,"GEN"
"buono","COM","ITA",63,125,"GEN"
"buono","DRA","USA",77,125,"GEN"
"buono","AVV","ITA",64,125,"GEN"
"buono","THR","FRA",90,125,"ADU"
"buono","AVV","ITA",64,125,"GEN"
"buono","THR","FRA",90,125,"ADU"
"mediocre","AVV","ITA",76,125,"TUT"
"buono","DRA","USA",77,125,"GEN"
"buono","THR","USA",92,125,"ADU"
"buono","WES","USA",64,125,"ADU"
"buono","COM","ITA",63,125,"GEN"
"mediocre","POL","USA",81,125,"ADU"
"buono","WES","USA",64,125,"ADU"
"mediocre","DRA","USA",62,126,"GEN"
"buono","WES","USA",60,126,"GEN"
"mediocre","DRA","USA",62,126,"GEN"
"buono","AVV","USA",85,126,"ADU"
"mediocre","DRA","USA",61,126,"GEN"
"buono","FAN","USA",92,126,"TUT"
"mediocre","DRA","USA",91,126,"ADU"
"mediocre","DRA","USA",86,126,"ADU"
"mediocre","BIO","USA",77,127,"ADU"
"buono","THR","USA",92,127,"ADU"
"buono","DRA","USA",89,127,"GEN"
"capolavoro","COM","ITA",73,127,"GEN"
"mediocre","AVV","USA",86,127,"ADU"
"mediocre","WES","USA",69,128,"GEN"
"buono","WES","USA",69,128,"GEN"
"mediocre","THR","GB",74,128,"GEN"
"ottimo","DRA","USA",63,129,"TUT"
"buono","AVV","GB",84,129,"GEN"
"mediocre","POL","USA",73,129,"ADU"
"buono","AVV","GB",84,129,"GEN"
"mediocre","DRA","USA",76,130,"GEN"
"buono","AVV","USA",75,130,"GEN"
"buono","AVV","USA",75,130,"GEN"
"mediocre","COM","ITA",87,130,"GEN"
"scadente","AVV","USA",66,130,"GEN"
"mediocre","AZI","GB",85,130,"GEN"
"buono","DRA","USA",43,130,"GEN"
"mediocre","COM","ITA",87,130,"GEN"
"buono","AVV","USA",75,130,"GEN"
"mediocre","THR","GB",74,130,"GEN"
"buono","WES","USA",76,131,"GEN"
"mediocre","BEL","GB",69,132,"GEN"
"buono","COM","USA",82,133,"GEN"
"buono","COM","USA",82,133,"GEN"
"mediocre","DRA","USA",91,134,"ADU"
"mediocre","AVV","USA",76,134,"GEN"
"mediocre","AVV","USA",76,134,"GEN"
"mediocre","MUS","USA",79,134,"GEN"
"mediocre","DRA","USA",91,134,"ADU"
"mediocre","DRA","USA",91,134,"GEN"
"mediocre","AZI","GB",89,135,"GEN"
"buono","DRA","USA",66,135,"GEN"
"buono","DRA","USA",91,135,"GEN"
"buono","AVV","USA",73,135,"GEN"
"buono","WES","USA",76,135,"GEN"
"buono","BEL","USA",45,135,"GEN"
"mediocre","DRA","USA",66,135,"GEN"
"mediocre","COM","USA",92,135,"GEN"
"mediocre","DRA","USA",92,135,"GEN"
"ottimo","FAN","USA",77,135,"ADU"
"buono","COM","USA",82,136,"GEN"
"buono","COM","USA",61,136,"TUT"
"buono","AZI","GB",83,137,"GEN"
"buono","DRA","USA",84,137,"ADU"
"ottimo","COM","ITA",87,137,"TUT"
"buono","AVV","GB",83,137,"GEN"
"ottimo","POL","USA",93,137,"ADU"
"buono","BIO","USA",83,137,"GEN"
"mediocre","DRA","ITA",68,138,"ADU"
"buono","DRA","USA",56,139,"ADU"
"capolavoro","WES","USA",69,139,"ADU"
"ottimo","COM","ITA",75,140,"GEN"
"buono","DRA","GER",85,140,"GEN"
"ottimo","DRA","USA",90,140,"GEN"
"ottimo","COM","ITA",75,140,"GEN"
"mediocre","FAN","GB",76,140,"GEN"
"mediocre","DRA","GB",68,140,"ADU"
"mediocre","DRA","ITA",79,140,"ADU"
"buono","BEL","GER",80,140,"GEN"
"mediocre","WES","USA",92,140,"GEN"
"capolavoro","WES","USA",59,141,"GEN"
"buono","BIO","USA",92,144,"GEN"
"buono","BIO","USA",92,144,"GEN"
"buono","COM","USA",72,144,"GEN"
"mediocre","SPI","USA",73,144,"GEN"
"buono","MUS","USA",68,151,"ADU"
"mediocre","DRA","USA",57,152,"GEN"
"buono","DRA","USA",87,152,"ADU"
"buono","DRA","USA",87,152,"ADU"
"buono","DRA","GB",62,153,"ADU"
"buono","DRA","GB",48,153,"GEN"
"buono","AVV","USA",65,154,"GEN"
"mediocre","BIO","USA",43,156,"GEN"
"mediocre","BIO","USA",43,156,"GEN"
"mediocre","WES","USA",64,159,"GEN"
"buono","WES","USA",64,159,"GEN"
"ottimo","DRA","ITA",87,160,"GEN"
"ottimo","BEL","GB",57,161,"ADU"
"mediocre","BEL","USA",65,165,"GEN"
"buono","DRA","USA",57,168,"GEN"
"buono","DRA","USA",57,168,"GEN"
"mediocre","STO","ITA",66,174,"TUT"
"mediocre","STO","ITA",66,174,"TUT"
"buono","BIO","GB",82,189,"TUT"
"ottimo","DRA","USA",91,189,"ADU"
"ottimo","DRA","USA",59,212,"GEN"
"ottimo","GAN","USA",84,220,"ADU"
"ottimo","GAN","USA",84,220,"ADU"
"ottimo","STO","USA",56,222,"TUT"
"buono","AVV","USA",56,222,"TUT"
"mediocre","DRA","SPA",72,95,"ADU"
"buono","BEL","USA",83,103,"ADU"
"buono","WES","USA",59,106,"ADU"
"mediocre","GIA","USA",86,89,"ADU"
"buono","AVV","USA",87,104,"ADU"
"buono","GIA","USA",82,116,"ADU"
"buono","WES","USA",73,122,"ADU"
"mediocre","GIA","USA",50,93,"ADU"
"buono","THR","USA",91,128,"ADU"
"mediocre","GIA","USA",89,93,"ADU"
"mediocre","THR","USA",90,107,"ADU"
"scadente","GIA","ITA",88,85,"ADU"
"mediocre","AVV","USA",89,106,"ADU"
"mediocre","BIO","ITA",86,125,"ADU"
"scadente","THR","USA",93,88,"ADU"
"buono","GIA","ITA",75,128,"ADU"
"scadente","THR","USA",92,105,"ADU"
"buono","GAN","GB",90,119,"ADU"
"scadente","THR","GER",91,95,"ADU"
"mediocre","FAN","USA",89,95,"ADU"
"mediocre","THR","USA",92,92,"ADU"
"mediocre","FAN","USA",87,102,"ADU"
"scadente","SEX","ITA",78,90,"ADU"
"mediocre","FAN","USA",87,97,"ADU"
"buono","SEN","USA",84,108,"ADU"
"mediocre","DRA","USA",93,90,"ADU"
"mediocre","POL","USA",73,124,"ADU"
"buono","DRA","USA",56,114,"ADU"
"mediocre","POL","ITA",73,105,"ADU"
"buono","DRA","USA",42,127,"ADU"
"mediocre","POL","USA",87,102,"ADU"
"mediocre","DRA","USA",84,108,"ADU"
"mediocre","POL","USA",73,111,"ADU"
"buono","DRA","ITA",91,85,"ADU"
"mediocre","POL","USA",91,91,"ADU"
"mediocre","DRA","GB",58,99,"ADU"
"scadente","POL","USA",92,90,"ADU"
"ottimo","CMC","USA",80,130,"ADU"
"mediocre","MUS","USA",75,137,"ADU"
"buono","DRA","USA",63,101,"ADU"
"mediocre","HOR","USA",78,116,"ADU"
"buono","DRA","GB",87,135,"ADU"
"buono","HOR","USA",82,113,"ADU"
"mediocre","DRA","USA",94,87,"ADU"
"mediocre","AZI","USA",91,93,"ADU"
"ottimo","DRA","USA",93,100,"ADU"
"mediocre","HOR","USA",90,99,"ADU"
"mediocre","DRA","USA",90,88,"ADU"
"mediocre","HOR","CAN",88,95,"ADU"
"buono","DRA","USA",85,85,"ADU"
"mediocre","GIA","USA",89,100,"ADU"
"mediocre","DRA","USA",51,87,"ADU"
"mediocre","GIA","GB",91,99,"ADU"
"mediocre","DRA","USA",63,101,"ADU"
"buono","WES","USA",54,100,"ADU"
"buono","DRA","USA",80,132,"ADU"
"mediocre","THR","USA",94,90,"ADU"
"mediocre","DRA","GB",91,101,"ADU"
"mediocre","THR","USA",94,100,"ADU"
"mediocre","DRA","USA",92,92,"ADU"
"buono","THR","USA",94,90,"ADU"
"ottimo","DRA","USA",55,111,"ADU"
"mediocre","THR","USA",95,98,"ADU"
"mediocre","DRA","FRA",91,96,"ADU"
"mediocre","POL","USA",88,99,"ADU"
"mediocre","DRA","USA",93,89,"ADU"
"buono","POL","USA",87,107,"ADU"
"mediocre","DRA","FRA",63,95,"ADU"
"mediocre","POL","CAN",80,97,"ADU"
"mediocre","DRA","USA",71,97,"ADU"
"mediocre","POL","USA",86,100,"ADU"
"mediocre","DRA","USA",92,90,"ADU"
"mediocre","AVV","USA",89,98,"ADU"
"buono","DRA","USA",59,114,"ADU"
"ottimo","HOR","GB",58,82,"ADU"
"mediocre","DRA","USA",91,90,"ADU"
"mediocre","GIA","HOL",88,105,"ADU"
"mediocre","DRA","USA",91,99,"ADU"
"mediocre","WES","ITA",73,98,"ADU"
"buono","DRA","USA",77,118,"ADU"
"mediocre","THR","USA",94,90,"ADU"
"mediocre","DRA","USA",91,90,"ADU"
"mediocre","THR","USA",90,100,"ADU"
"mediocre","DRA","CAN",87,100,"ADU"
"buono","POL","USA",89,106,"ADU"
"mediocre","DRA","USA",93,91,"ADU"
"mediocre","POL","ITA",51,90,"ADU"
"ottimo","DRA","USA",67,109,"ADU"
"scadente","HOR","ITA",88,82,"ADU"
"mediocre","COM","SPA",90,101,"ADU"
"buono","GIA","USA",91,130,"ADU"
"mediocre","COM","ITA",92,95,"ADU"
"mediocre","AVV","USA",85,90,"ADU"
"mediocre","COM","ITA",75,105,"ADU"
"mediocre","POL","USA",73,95,"ADU"
"mediocre","COM","ITA",91,105,"ADU"
"mediocre","AZI","USA",87,88,"ADU"
"mediocre","COM","ITA",85,100,"ADU"
"buono","AVV","USA",75,128,"ADU"
"scadente","COM","ITA",76,100,"ADU"
"ottimo","THR","USA",86,117,"ADU"
"buono","COM","USA",80,121,"ADU"
"buono","HOR","USA",63,101,"ADU"
"scadente","COM","ITA",70,86,"ADU"
"mediocre","DRA","USA",91,110,"GEN"
"scadente","CMC","ITA",76,101,"GEN"
"mediocre","AVV","ITA",76,100,"GEN"
"mediocre","DRA","USA",59,123,"GEN"
"ottimo","WES","USA",59,141,"GEN"
"buono","COM","ITA",78,91,"GEN"
"buono","COM","USA",36,115,"GEN"
"buono","COM","SPA",88,100,"GEN"
"mediocre","WES","USA",69,119,"GEN"
"mediocre","DRA","USA",87,100,"GEN"
"buono","COM","USA",87,97,"GEN"
"buono","COM","ITA",67,120,"GEN"
"mediocre","WES","USA",69,110,"GEN"
"mediocre","DRA","FRA",86,110,"GEN"
"buono","COM","ITA",91,88,"GEN"
"buono","COM","USA",87,131,"GEN"
"buono","WES","USA",68,92,"GEN"
"mediocre","COM","ITA",85,107,"GEN"
"scadente","WES","ITA",67,105,"GEN"
"buono","COM","USA",37,84,"GEN"
"mediocre","COM","ITA",79,98,"GEN"
"mediocre","DRA","ITA",91,94,"GEN"
"buono","WES","USA",55,96,"GEN"
"mediocre","DRA","USA",58,158,"GEN"
"mediocre","WES","USA",52,91,"GEN"
"scadente","COM","ITA",94,102,"GEN"
"mediocre","COM","USA",90,80,"GEN"
"buono","DRA","ITA",60,110,"GEN"
"mediocre","COM","ITA",93,121,"GEN"
"scadente","DRA","ITA",82,122,"GEN"
"ottimo","COM","USA",86,96,"GEN"
"mediocre","DRA","USA",89,105,"GEN"
"buono","COM","USA",87,102,"GEN"
"mediocre","AVV","CAN",79,101,"GEN"
"mediocre","WES","USA",57,102,"GEN"
"mediocre","THR","USA",93,106,"GEN"
"buono","COM","USA",39,86,"GEN"
"mediocre","DRA","CAN",81,121,"GEN"
"mediocre","COM","USA",92,87,"GEN"
"ottimo","DRA","USA",63,101,"GEN"
"mediocre","COM","ITA",83,117,"GEN"
"buono","THR","USA",79,102,"GEN"
"mediocre","COM","USA",84,94,"GEN"
"buono","AVV","USA",58,86,"GEN"
"mediocre","COM","USA",90,90,"GEN"
"buono","DRA","USA",52,90,"GEN"
"mediocre","AVV","GB",89,94,"GEN"
"mediocre","COM","USA",83,93,"GEN"
"mediocre","COM","ITA",80,95,"GEN"
"mediocre","DRA","USA",86,91,"GEN"
"mediocre","WES","USA",68,114,"GEN"
"buono","DRA","USA",40,100,"GEN"
"mediocre","WES","ITA",68,83,"GEN"
"ottimo","DRA","FRA",43,90,"GEN"
"buono","THR","USA",88,100,"GEN"
"buono","STO","ITA",41,87,"GEN"
"mediocre","THR","FRA",78,95,"GEN"
"mediocre","SPI","USA",84,113,"GEN"
"mediocre","COM","ITA",90,90,"GEN"
"mediocre","COM","ITA",82,114,"GEN"
"mediocre","AVV","ITA",82,92,"GEN"
"buono","COM","ITA",65,100,"GEN"
"buono","DRA","USA",80,117,"GEN"
"buono","COM","ITA",88,92,"GEN"
"mediocre","DRA","USA",61,153,"GEN"
"buono","AVV","USA",80,119,"GEN"
"scadente","DRA","ITA",81,88,"GEN"
"mediocre","AVV","USA",90,90,"GEN"
"mediocre","SPI","GB",87,130,"GEN"
"scadente","COM","ITA",86,101,"GEN"
"mediocre","COM","USA",89,96,"GEN"
"mediocre","COM","ITA",82,113,"GEN"
"scadente","SEN","USA",93,90,"GEN"
"mediocre","AVV","USA",84,96,"GEN"
"scadente","DRA","USA",88,92,"GEN"
"buono","COM","USA",57,110,"GEN"
"scadente","DRA","ITA",81,107,"GEN"
"buono","COM","ITA",89,90,"GEN"
"ottimo","DRA","USA",75,113,"GEN"
"capolavoro","COM","USA",32,83,"GEN"
"scadente","SEN","USA",92,90,"GEN"
"mediocre","COM","USA",88,92,"GEN"
"mediocre","DRA","ITA",53,95,"GEN"
"buono","COM","FRA",90,94,"GEN"
"buono","SEN","USA",40,103,"GEN"
"mediocre","COM","GB",80,110,"GEN"
"mediocre","DRA","USA",93,90,"GEN"
"mediocre","AVV","USA",79,115,"GEN"
"mediocre","AVV","USA",80,121,"GEN"
"mediocre","AVV","ITA",40,98,"GEN"
"buono","AVV","USA",55,115,"GEN"
"mediocre","COM","USA",69,132,"GEN"
"mediocre","CMC","USA",88,85,"GEN"
"mediocre","AVV","USA",81,95,"GEN"
"buono","POL","USA",46,99,"GEN"
"buono","DRA","USA",55,117,"GEN"
"buono","POL","USA",88,103,"GEN"
"mediocre","COM","ITA",92,103,"GEN"
"mediocre","DRA","GB",78,121,"GEN"
"mediocre","COM","ITA",54,100,"GEN"
"scadente","DRA","ITA",68,95,"GEN"
"buono","WES","USA",80,95,"GEN"
"scadente","AVV","ITA",85,93,"GEN"
"buono","WES","USA",67,126,"GEN"
"mediocre","AVV","USA",91,135,"GEN"
"mediocre","COM","USA",91,104,"GEN"
"mediocre","DRA","USA",89,117,"GEN"
"mediocre","WES","ITA",68,132,"GEN"
"mediocre","AVV","CAN",85,85,"GEN"
"mediocre","COM","USA",59,80,"GEN"
"mediocre","AVV","USA",55,106,"GEN"
"mediocre","COM","ITA",88,104,"GEN"
"mediocre","AVV","USA",59,115,"GEN"
"buono","COM","USA",83,93,"GEN"
"mediocre","POL","USA",88,98,"GEN"
"mediocre","COM","USA",63,101,"GEN"
"mediocre","DRA","USA",93,89,"GEN"
"buono","COM","USA",78,112,"GEN"
"mediocre","FAN","USA",87,100,"GEN"
"mediocre","AVV","USA",89,100,"GEN"
"scadente","FAN","USA",75,101,"GEN"
"mediocre","COM","USA",82,110,"GEN"
"buono","FAN","USA",84,107,"GEN"
"scadente","COM","USA",84,92,"GEN"
"mediocre","FAN","USA",81,109,"GEN"
"mediocre","COM","USA",88,98,"GEN"
"mediocre","AVV","USA",87,99,"GEN"
"buono","COM","ITA",91,100,"GEN"
"mediocre","AVV","USA",90,106,"GEN"
"buono","COM","ITA",76,85,"GEN"
"scadente","CMC","ITA",70,91,"GEN"
"mediocre","COM","USA",87,89,"GEN"
"mediocre","FAN","USA",87,98,"GEN"
"buono","THR","USA",88,120,"GEN"
"mediocre","AVV","ITA",92,114,"GEN"
"buono","COM","GB",90,115,"GEN"
"mediocre","CMC","ITA",80,99,"GEN"
"mediocre","COM","USA",91,95,"GEN"
"buono","POL","USA",88,106,"GEN"
"buono","COM","ITA",68,128,"GEN"
"mediocre","POL","USA",91,99,"GEN"
"buono","COM","USA",90,126,"GEN"
"mediocre","FAN","USA",82,113,"GEN"
"mediocre","DRA","ARG",86,118,"GEN"
"mediocre","FAN","USA",80,100,"GEN"
"buono","DRA","USA",68,144,"GEN"
"mediocre","FAN","USA",84,114,"GEN"
"mediocre","WES","USA",69,91,"GEN"
"buono","GAN","USA",39,104,"GEN"
"mediocre","COM","ITA",65,112,"GEN"
"mediocre","CMC","USA",89,97,"GEN"
"mediocre","WES","USA",69,128,"GEN"
"mediocre","GIA","ITA",80,98,"GEN"
"mediocre","COM","GER",93,114,"GEN"
"mediocre","AVV","USA",83,107,"GEN"
"scadente","COM","ITA",87,95,"GEN"
"scadente","BIO","ITA",55,104,"GEN"
"buono","WES","USA",65,120,"GEN"
"mediocre","MUS","USA",54,132,"GEN"
"mediocre","THR","USA",78,100,"GEN"
"scadente","BEL","CAN",88,105,"GEN"
"mediocre","COM","USA",58,107,"GEN"
"mediocre","GIA","USA",75,90,"GEN"
"buono","COM","USA",48,116,"GEN"
"buono","BEL","GB",77,123,"GEN"
"mediocre","COM","USA",84,98,"GEN"
"mediocre","BEL","USA",70,145,"GEN"
"ottimo","DRA","USA",73,112,"GEN"
"mediocre","MUS","ITA",66,90,"GEN"
"ottimo","DRA","USA",40,129,"GEN"
"buono","BEL","ITA",69,127,"GEN"
"buono","COM","USA",82,105,"GEN"
"mediocre","GIA","USA",92,100,"GEN"
"mediocre","WES","ITA",67,87,"GEN"
"mediocre","BEL","USA",48,96,"GEN"
"mediocre","COM","USA",56,101,"GEN"
"buono","GIA","USA",87,121,"GEN"
"buono","THR","USA",92,125,"GEN"
"mediocre","BEL","GB",70,100,"GEN"
"mediocre","COM","USA",89,107,"GEN"
"mediocre","AZI","GB",74,125,"GEN"
"buono","DRA","USA",80,98,"GEN"
"mediocre","AZI","USA",85,88,"GEN"
"mediocre","COM","USA",90,96,"GEN"
"buono","HOR","USA",86,95,"GEN"
"buono","COM","USA",91,108,"GEN"
"scadente","AZI","USA",92,90,"GEN"
"mediocre","AVV","USA",91,91,"GEN"
"mediocre","AVV","GB",79,127,"GEN"
"mediocre","AVV","GER",72,100,"GEN"
"mediocre","MUS","USA",68,151,"GEN"
"buono","DRA","FRA",92,106,"GEN"
"ottimo","HOR","USA",32,64,"GEN"
"mediocre","COM","ITA",76,102,"GEN"
"buono","HOR","USA",31,71,"GEN"
"buono","COM","USA",75,105,"GEN"
"mediocre","COM","USA",89,91,"TUT"
"mediocre","COM","USA",87,103,"TUT"
"mediocre","AVV","USA",85,99,"TUT"
"buono","DRA","USA",91,100,"TUT"
"ottimo","AVV","USA",32,70,"TUT"
"buono","DRA","USA",60,134,"TUT"
"capolavoro","MUS","USA",49,98,"TUT"
"buono","COM","USA",73,130,"TUT"
"mediocre","AVV","ITA",72,95,"TUT"
"mediocre","COM","USA",91,100,"TUT"
"mediocre","BIO","ITA",51,91,"TUT"
"mediocre","COM","USA",76,115,"TUT"
"mediocre","AVV","ITA",82,92,"TUT"
"mediocre","COM","USA",58,95,"TUT"
"mediocre","AVV","AUS",86,95,"TUT"
"mediocre","AVV","USA",90,95,"TUT"
"ottimo","FAN","USA",84,91,"TUT"
"mediocre","COM","USA",82,97,"TUT"
"mediocre","FAN","USA",90,118,"TUT"
"buono","COM","USA",64,140,"TUT"
"mediocre","AVV","ITA",75,115,"TUT"
"buono","THR","USA",75,115,"TUT"
"buono","DRA","GB",84,90,"TUT"
"mediocre","COM","ITA",50,90,"TUT"
"mediocre","CMC","USA",88,90,"TUT"
"scadente","AVV","ITA",80,104,"TUT"
"mediocre","CMC","ITA",61,107,"TUT"
"buono","COM","ITA",90,117,"TUT"
"mediocre","POL","USA",85,101,"TUT"
"mediocre","COM","USA",90,88,"TUT"
"mediocre","SEN","USA",93,90,"TUT"
"buono","COM","USA",89,107,"TUT"
"buono","SEN","USA",91,110,"TUT"
"mediocre","COM","USA",61,97,"TUT"
"mediocre","CMC","ITA",50,85,"TUT"
"mediocre","AVV","USA",91,107,"TUT"
"mediocre","DRA","FRA",79,90,"TUT"
"mediocre","COM","USA",92,121,"TUT"
"mediocre","COM","USA",87,103,"TUT"
"mediocre","COM","ITA",73,128,"TUT"
"mediocre","COM","USA",91,96,"TUT"
"ottimo","AVV","USA",92,101,"TUT"
"mediocre","MUS","USA",49,90,"TUT"
"buono","WES","USA",52,93,"TUT"
"mediocre","MUS","USA",50,97,"TUT"
"mediocre","COM","USA",68,90,"TUT"
"buono","BIO","USA",43,156,"TUT"
"mediocre","COM","ITA",87,94,"TUT"
"buono","CMC","USA",52,96,"TUT"
"buono","COM","USA",63,101,"TUT"
"ottimo","CMC","USA",37,111,"TUT"
"mediocre","COM","USA",51,98,"TUT"
"buono","CMC","USA",32,68,"TUT"
"mediocre","COM","USA",91,112,"TUT"
"mediocre","CMC","ITA",62,95,"TUT"
"buono","COM","FIN",89,78,"TUT"
"mediocre","CMC","USA",54,103,"TUT"
"mediocre","COM","ITA",41,89,"TUT"
"mediocre","AVV","GB",76,98,"TUT"
"mediocre","COM","USA",60,100,"TUT"
"mediocre","AVV","ITA",79,109,"TUT"
"mediocre","COM","USA",48,99,"TUT"
"mediocre","BEL","USA",63,140,"TUT"
"mediocre","COM","USA",84,101,"TUT"
"buono","FAN","USA",39,101,"TUT"
"mediocre","COM","USA",92,86,"TUT"
"mediocre","CMC","USA",86,92,"TUT"
"mediocre","COM","ITA",87,102,"TUT"
"buono","DRA","USA",93,114,"TUT"
"buono","COM","ITA",37,86,"TUT"
"mediocre","COM","USA",80,100,"TUT"
"mediocre","COM","ITA",66,95,"TUT"
"mediocre","MUS","USA",47,96,"TUT"
"buono","COM","USA",90,102,"TUT"
"mediocre","CMC","USA",60,88,"TUT"
"scadente","COM","USA",89,87,"TUT"
"mediocre","COM","ITA",92,93,"TUT"
"buono","COM","ITA",59,92,"TUT"
"mediocre","CMC","ITA",74,90,"TUT"
"buono","COM","FRA",69,95,"TUT"
"buono","FAN","GER",84,90,"TUT"
"ottimo","COM","USA",34,96,"TUT"
NA,"DRA","USA",47,104,NA
NA,"DRA","SVE",66,85,NA
NA,"MUS","USA",73,120,NA
NA,"AVV","USA",81,115,NA
NA,"DRA","SVE",63,95,NA
NA,"STO","USA",59,212,NA
NA,"COM","ITA",64,90,NA
NA,"COM","USA",88,108,NA
NA,"COM","USA",66,114,NA
NA,"COM","ITA",70,117,NA
NA,"DRA","ITA",77,122,NA
NA,"AVV","USA",84,101,NA
NA,"DRA","USA",79,101,NA
NA,"DRA","USA",81,90,NA
NA,"FAN","USA",41,84,NA
NA,"DRA","ITA",60,102,NA
NA,"COM","ITA",72,99,NA
NA,"COM","ITA",58,100,NA
NA,"COM","ITA",86,120,NA
NA,"THR","USA",84,102,NA
NA,"COM","USA",89,117,NA
NA,"WES","ITA",64,96,NA
NA,"DRA","ITA",91,134,NA
NA,"DRA","ITA",67,92,NA
NA,"COM","USA",87,118,NA
NA,"DRA","ITA",87,119,NA
NA,"DRA","ITA",68,95,NA
NA,"COM","USA",79,116,NA
NA,"WES","ITA",65,126,NA
NA,"COM","USA",88,105,NA
NA,"DRA","USA",90,100,NA
NA,"DRA","USA",91,124,NA
NA,"DRA","USA",80,128,NA
NA,"COM","USA",79,118,NA
NA,"COM","ITA",92,125,NA
NA,"DRA","ITA",70,93,NA
NA,"DRA","ITA",77,105,NA
NA,"COM","ITA",93,121,NA
NA,"DRA","USA",53,84,NA
NA,"DRA","ITA",63,125,NA
NA,"CMC","ITA",71,91,NA
NA,"HOR","USA",31,71,NA
NA,"DRA","ITA",77,102,NA
NA,"SEN","ITA",85,108,NA
NA,"DRA","ITA",90,80,NA
NA,"COM","USA",78,94,NA
NA,"FAN","USA",88,110,NA
NA,"AVV","USA",74,120,NA
NA,"COM","USA",87,98,NA
NA,"COM","ITA",91,92,NA
NA,"DRA","ITA",87,90,NA
NA,"DRA","ITA",92,95,NA
NA,"COM","USA",53,91,NA
NA,"COM","ITA",82,118,NA
NA,"COM","USA",87,102,NA
NA,"DRA","ITA",93,88,NA
NA,"DRA","ITA",92,134,NA
NA,"COM","ITA",66,112,NA
NA,"WES","ITA",65,126,NA
NA,"GIA","ITA",90,96,NA
NA,"DRA","ITA",82,102,NA
NA,"CMC","USA",31,74,NA
NA,"AVV","ITA",61,90,NA
NA,"WES","USA",65,120,NA
NA,"COM","USA",58,102,NA
NA,"FAN","USA",82,112,NA
NA,"COM","GB",60,92,NA
NA,"DRA","FRA",80,128,NA
NA,"DRA","FRA",88,104,NA
NA,"DRA","ITA",60,106,NA
NA,"COM","USA",39,90,NA
NA,"COM","ITA",89,NA,NA
NA,"COM","USA",68,99,NA
NA,"DRA","ITA",92,84,NA
NA,"COM","ITA",76,115,NA
NA,"DRA","ITA",57,90,NA
NA,"COM","ITA",57,102,NA
NA,"DRA","ITA",71,115,NA
NA,"COM","ITA",54,94,NA
NA,"DRA","USA",83,113,NA
NA,"DRA","USA",62,153,NA
NA,"COM","ITA",83,110,NA
NA,"DRA","USA",67,101,NA
NA,"COM","ITA",57,100,NA
NA,"COM","ITA",89,119,NA
NA,"COM","ITA",82,97,NA
NA,"COM","FRA",59,108,NA
NA,"COM","ITA",67,110,NA
NA,"DRA","USA",79,101,NA
NA,"DRA","USA",81,158,NA
NA,"COM","USA",36,90,NA
NA,"DRA","ITA",68,118,NA
NA,"COM","ITA",63,100,NA
NA,"COM","ITA",62,110,NA
NA,"COM","ITA",78,106,NA
NA,"DRA","USA",51,112,NA
NA,"COM","ITA",92,95,NA
NA,"COM","ITA",87,112,NA
NA,"COM","USA",55,95,NA
NA,"COM","USA",28,69,NA
NA,"BIO","USA",53,102,NA
NA,"COM","USA",55,105,NA
NA,"COM","ITA",66,92,NA
NA,"COM","ITA",83,110,NA
NA,"DRA","GER",82,120,NA
NA,"DRA","ITA",83,120,NA
NA,"COM","USA",71,109,NA
NA,"COM","FRA",60,112,NA
NA,"COM","ITA",59,98,NA
NA,"COM","USA",56,102,NA
NA,"COM","ITA",76,103,NA
NA,"MUS","USA",37,89,NA
NA,"COM","ITA",62,101,NA
NA,"THR","USA",42,110,NA
NA,"MUS","ITA",67,90,NA
NA,"COM","USA",79,130,NA
NA,"AVV","GB",65,102,NA
NA,"COM","USA",89,123,NA
NA,"WES","USA",60,160,NA
NA,"COM","USA",34,96,NA
NA,"COM","USA",73,100,NA
NA,"THR","USA",81,107,NA
NA,"THR","CAN",84,92,NA
NA,"THR","GB",81,108,NA
NA,"DRA","USA",41,119,NA
NA,"COM","FRA",88,110,NA
NA,"AVV","FRA",64,109,NA
NA,"DRA","USA",76,118,NA
NA,"COM","USA",42,101,NA
NA,"CMC","USA",54,103,NA
NA,"STO","ITA",64,90,NA
NA,"DRA","ITA",90,90,NA
NA,"COM","USA",53,96,NA
NA,"GRO","GER",87,87,NA
NA,"COM","ITA",82,102,NA
NA,"FAN","USA",92,107,NA
NA,"FAN","USA",79,105,NA
NA,"COM","FRA",66,120,NA
NA,"FAN","USA",84,108,NA
NA,"AVV","USA",77,98,NA
NA,"FAN","USA",33,70,NA
NA,"AVV","USA",83,103,NA
NA,"COM","ITA",91,91,NA
NA,"CMC","USA",86,98,NA
NA,"DRA","USA",92,118,NA
NA,"COM","USA",86,105,NA
NA,"DRA","ITA",62,195,NA
NA,"COM","ITA",76,118,NA
NA,"FAN","GB",66,108,NA
NA,"GIA","FRA",75,95,NA
NA,"WES","USA",70,121,NA
NA,"DRA","USA",80,124,NA
NA,"COM","USA",92,114,NA
NA,"WES","ITA",64,96,NA
NA,"COM","ITA",32,67,NA
NA,"DRA","USA",86,111,NA
NA,"DRA","ITA",77,105,NA
NA,"DRA","USA",91,95,NA
NA,"DRA","USA",83,124,NA
NA,"COM","USA",92,127,NA
NA,"DRA","USA",93,107,NA
NA,"MUS","USA",74,126,NA
NA,"DRA","USA",90,92,NA
NA,"COM","ITA",56,98,NA
NA,"DOC","USA",83,83,NA
NA,"DRA","ITA",65,105,NA
NA,"DRA","GB",89,102,NA
NA,"DRA","USA",84,220,NA
NA,"COM","USA",65,100,NA
NA,"COM","ITA",80,90,NA
NA,"HOR","USA",86,100,NA
NA,"DRA","USA",85,96,NA
NA,"DTA","ITA",60,110,NA
NA,"DRA","USA",83,108,NA
NA,"COM","USA",79,116,NA
NA,"MUS","USA",57,110,NA
NA,"COM","ITA",74,108,NA
NA,"DRA","ITA",58,127,NA
NA,"COM","ITA",67,107,NA
NA,"COM","ITA",72,90,NA
NA,"DRA","AUS",75,111,NA
NA,"AVV","USA",87,119,NA
NA,"HOR","USA",90,105,NA
NA,"AZI","CIN",87,90,NA
NA,"COM","ITA",68,67,NA
NA,"HOR","USA",87,87,NA
NA,"AVV","USA",60,90,NA
NA,"GIA","USA",46,110,NA
NA,"GIA","ITA",70,112,NA
NA,"COM","USA",89,96,NA
NA,"DRA","GB",84,99,NA
NA,"GIA","USA",80,96,NA
NA,"POL","USA",90,95,NA
NA,"THR","USA",91,130,NA
NA,"DRA","ITA",93,85,NA
NA,"DRA","GB",88,98,NA
NA,"WES","USA",56,119,NA
NA,"COM","USA",81,110,NA
NA,"","",NA,77,NA
NA,"DRA","GB",71,134,NA
NA,"FAN","USA",68,141,NA
NA,"HOR","USA",92,122,NA
NA,"DRA","USA",79,130,NA
NA,"DRA","USA",83,118,NA
NA,"DRA","FRA",90,103,NA
NA,"DRA","USA",73,100,NA
NA,"POL","ITA",76,92,NA
NA,"COM","USA",75,110,NA
NA,"DRA","USA",88,120,NA
NA,"DRA","USA",36,94,NA
NA,"COM","ITA",82,106,NA
NA,"COM","ITA",73,142,NA
NA,"FAN","USA",84,110,NA
NA,"COM","USA",46,118,NA
NA,"COM","ITA",59,104,NA
NA,"FAN","USA",89,114,NA
NA,"COM","ITA",82,112,NA
NA,"AVV","FRA",86,76,NA
NA,"AVV","USA",94,NA,NA
NA,"FAN","USA",78,135,NA
NA,"COM","GB",67,107,NA
NA,"COM","ITA",62,225,NA
NA,"COM","ITA",57,90,NA
NA,"COM","USA",64,113,NA
NA,"COM","ITA",82,115,NA
NA,"COM","GB",69,100,NA
NA,"CMC","ITA",61,89,NA
NA,"COM","ITA",58,80,NA
NA,"WES","USA",90,173,NA
NA,"STO","AUS",80,112,NA
NA,"DRA","ITA",50,99,NA
NA,"DRA","USA",77,136,NA
NA,"DRA","USA",67,107,NA
NA,"SPI","GB",87,118,NA
NA,"COM","USA",82,136,NA
NA,"DRA","GB",86,125,NA
NA,"COM","USA",86,104,NA
NA,"THR","USA",81,98,NA
NA,"DRA","ITA",92,95,NA
NA,"DRA","ITA",93,127,NA
NA,"COM","USA",83,103,NA
NA,"COM","USA",50,103,NA
NA,"DRA","USA",55,67,NA
NA,"COM","ITA",68,93,NA
NA,"THR","USA",74,104,NA
NA,"DRA","ITA",83,105,NA
NA,"GIA","USA",89,112,NA
NA,"STO","GB",93,139,NA
NA,"COM","USA",90,81,NA
NA,"THR","HOL",83,96,NA
NA,"GRO","ITA",79,133,NA
NA,"COM","ITA",89,102,NA
NA,"COM","ITA",50,76,NA
NA,"DRA","USA",62,120,NA
NA,"COM","ITA",82,94,NA
NA,"CMC","ITA",86,92,NA
NA,"DRA","ITA",46,125,NA
NA,"COM","GER",81,96,NA
NA,"DRA","USA",78,91,NA
NA,"DRA","ITA",92,91,NA
NA,"COM","USA",87,122,NA
NA,"THR","GB",59,105,NA
NA,"COM","FRA",80,102,NA
NA,"WES","ITA",87,102,NA
NA,"COM","USA",73,110,NA
NA,"AVV","GB",70,102,NA
NA,"FAN","USA",77,135,NA
NA,"COM","ITA",65,100,NA
NA,"AZI","USA",89,111,NA
NA,"COM","ITA",32,90,NA
NA,"DRA","ITA",49,100,NA
NA,"DRA","ITA",91,120,NA
NA,"DRA","ITA",73,92,NA
NA,"COM","ITA",91,83,NA
NA,"COM","USA",69,103,NA
NA,"COM","ITA",82,114,NA
NA,"DRA","ITA",81,96,NA
NA,"MUS","USA",36,110,NA
NA,"DRA","ITA",52,94,NA
NA,"MUS","USA",33,89,NA
NA,"COM","ITA",83,90,NA
NA,"DRA","USA",78,92,NA
NA,"COM","ITA",69,124,NA
NA,"COM","ITA",58,108,NA
NA,"FAN","ITA",74,110,NA
NA,"COM","ITA",59,103,NA
NA,"COM","ITA",84,118,NA
NA,"COM","USA",78,125,NA
NA,"COM","ITA",88,73,NA
NA,"COM","USA",65,103,NA
NA,"COM","ITA",91,102,NA
NA,"COM","ITA",91,100,NA
NA,"DRA","ITA",92,95,NA
NA,"COM","ITA",60,108,NA
NA,"DRA","ITA",78,110,NA
NA,"DRA","ITA",62,125,NA
NA,"COM","ITA",92,102,NA
NA,"AVV","FRA",88,93,NA
NA,"COM","USA",53,91,NA
