,Enzyme_id,type,sequence,smiles
0,P77580,wild,MSKRKVAIIGSGNIGTDLMIKILRHGQHLEMAVMVGIDPQSDGLARARRMGVATTHEGVIGLMNMPEFADIDIVFDATSAGAHVKNDAALREAKPDIRLIDLTPAAIGPYCVPVVNLEANVDQLNVNMVTCGGQATIPMVAAVSRVARVHYAEIIASIASKSAGPGTRANIDEFTETTSRAIEVVGGAAKGKAIIVLNPAEPPLMMRDTVYVLSDEASQDDIEASINEMAEAVQAYVPGYRLKQRVQFEVIPQDKPVNLPGVGQFSGLKTAVWLEVEGAAHYLPAYAGNLDIMTSSALATAEKMAQSLARKAGEAA,[H+]
1,P77580,wild,MSKRKVAIIGSGNIGTDLMIKILRHGQHLEMAVMVGIDPQSDGLARARRMGVATTHEGVIGLMNMPEFADIDIVFDATSAGAHVKNDAALREAKPDIRLIDLTPAAIGPYCVPVVNLEANVDQLNVNMVTCGGQATIPMVAAVSRVARVHYAEIIASIASKSAGPGTRANIDEFTETTSRAIEVVGGAAKGKAIIVLNPAEPPLMMRDTVYVLSDEASQDDIEASINEMAEAVQAYVPGYRLKQRVQFEVIPQDKPVNLPGVGQFSGLKTAVWLEVEGAAHYLPAYAGNLDIMTSSALATAEKMAQSLARKAGEAA,C1C=CN(C=C1C(=O)N)[C@H]2[C@@H]([C@@H]([C@H](O2)COP(=O)(O)OP(=O)(O)OC[C@@H]3[C@H]([C@H]([C@@H](O3)N4C=NC5=C(N=CN=C54)N)O)O)O)O
2,P0A9Q7,wild,MAVTNVAELNALVERVKKAQREYASFTQEQVDKIFRAAALAAADARIPLAKMAVAESGMGIVEDKVIKNHFASEYIYNAYKDEKTCGVLSEDDTFGTITIAEPIGIICGIVPTTNPTSTAIFKSLISLKTRNAIIFSPHPRAKDATNKAADIVLQAAIAAGAPKDLIGWIDQPSVELSNALMHHPDINLILATGGPGMVKAAYSSGKPAIGVGAGNTPVVIDETADIKRAVASVLMSKTFDNGVICASEQSVVVVDSVYDAVRERFATHGGYLLQGKELKAVQDVILKNGALNAAIVGQPAYKIAELAGFSVPENTKILIGEVTVVDESEPFAHEKLSPTLAMYRAKDFEDAVEKAEKLVAMGGIGHTSCLYTDQDNQPARVSYFGQKMKTARILINTPASQGGIGDLYNFKLAPSLTLGCGSWGGNSISENVGPKHLINKKTVAKRAENMLWHKLPKSIYFRRGSLPIALDEVITDGHKRALIVTDRFLFNNGYADQITSVLKAAGVETEVFFEVEADPTLSIVRKGAELANSFKPDVIIALGGGSPMDAAKIMWVMYEHPETHFEELALRFMDIRKRIYKFPKMGVKAKMIAVTTTSGTGSEVTPFAVVTDDATGQKYPLADYALTPDMAIVDANLVMDMPKSLCAFGGLDAVTHAMEAYVSVLASEFSDGQALQALKLLKEYLPASYHEGSKNPVARERVHSAATIAGIAFANAFLGVCHSMAHKLGSQFHIPHGLANALLICNVIRYNANDNPTKQTAFSQYDRPQARRRYAEIADHLGLSAPGDRTAAKIEKLLAWLETLKAELGIPKSIREAGVQEADFLANVDKLSEDAFDDQCTGANPRYPLISELKQILLDTYYGRDYVEGETAAKKEAAPAKAEKKAKKSA,[H+]
3,P0A9Q7,wild,MAVTNVAELNALVERVKKAQREYASFTQEQVDKIFRAAALAAADARIPLAKMAVAESGMGIVEDKVIKNHFASEYIYNAYKDEKTCGVLSEDDTFGTITIAEPIGIICGIVPTTNPTSTAIFKSLISLKTRNAIIFSPHPRAKDATNKAADIVLQAAIAAGAPKDLIGWIDQPSVELSNALMHHPDINLILATGGPGMVKAAYSSGKPAIGVGAGNTPVVIDETADIKRAVASVLMSKTFDNGVICASEQSVVVVDSVYDAVRERFATHGGYLLQGKELKAVQDVILKNGALNAAIVGQPAYKIAELAGFSVPENTKILIGEVTVVDESEPFAHEKLSPTLAMYRAKDFEDAVEKAEKLVAMGGIGHTSCLYTDQDNQPARVSYFGQKMKTARILINTPASQGGIGDLYNFKLAPSLTLGCGSWGGNSISENVGPKHLINKKTVAKRAENMLWHKLPKSIYFRRGSLPIALDEVITDGHKRALIVTDRFLFNNGYADQITSVLKAAGVETEVFFEVEADPTLSIVRKGAELANSFKPDVIIALGGGSPMDAAKIMWVMYEHPETHFEELALRFMDIRKRIYKFPKMGVKAKMIAVTTTSGTGSEVTPFAVVTDDATGQKYPLADYALTPDMAIVDANLVMDMPKSLCAFGGLDAVTHAMEAYVSVLASEFSDGQALQALKLLKEYLPASYHEGSKNPVARERVHSAATIAGIAFANAFLGVCHSMAHKLGSQFHIPHGLANALLICNVIRYNANDNPTKQTAFSQYDRPQARRRYAEIADHLGLSAPGDRTAAKIEKLLAWLETLKAELGIPKSIREAGVQEADFLANVDKLSEDAFDDQCTGANPRYPLISELKQILLDTYYGRDYVEGETAAKKEAAPAKAEKKAKKSA,C1C=CN(C=C1C(=O)N)[C@H]2[C@@H]([C@@H]([C@H](O2)COP(=O)(O)OP(=O)(O)OC[C@@H]3[C@H]([C@H]([C@@H](O3)N4C=NC5=C(N=CN=C54)N)O)O)O)O
4,P25437,wild,MKSRAAVAFAPGKPLEIVEIDVAPPKKGEVLIKVTHTGVCHTDAFTLSGDDPEGVFPVVLGHEGAGVVVEVGEGVTSVKPGDHVIPLYTAECGECEFCRSGKTNLCVAVRETQGKGLMPDGTTRFSYNGQPLYHYMGCSTFSEYTVVAEVSLAKINPEANHEHVCLLGCGVTTGIGAVHNTAKVQPGDSVAVFGLGAIGLAVVQGARQAKAGRIIAIDTNPKKFDLARRFGATDCINPNDYDKPIKDVLLDINKWGIDHTFECIGNVNVMRAALESAHRGWGQSVIIGVAVAGQEISTRPFQLVTGRVWKGSAFGGVKGRSQLPGMVEDAMKGDIDLEPFVTHTMSLDEINDAFDLMHEGKSIRTVIRY,CCO
5,P25437,wild,MKSRAAVAFAPGKPLEIVEIDVAPPKKGEVLIKVTHTGVCHTDAFTLSGDDPEGVFPVVLGHEGAGVVVEVGEGVTSVKPGDHVIPLYTAECGECEFCRSGKTNLCVAVRETQGKGLMPDGTTRFSYNGQPLYHYMGCSTFSEYTVVAEVSLAKINPEANHEHVCLLGCGVTTGIGAVHNTAKVQPGDSVAVFGLGAIGLAVVQGARQAKAGRIIAIDTNPKKFDLARRFGATDCINPNDYDKPIKDVLLDINKWGIDHTFECIGNVNVMRAALESAHRGWGQSVIIGVAVAGQEISTRPFQLVTGRVWKGSAFGGVKGRSQLPGMVEDAMKGDIDLEPFVTHTMSLDEINDAFDLMHEGKSIRTVIRY,C1=CC(=C[N+](=C1)[C@H]2[C@@H]([C@@H]([C@H](O2)COP(=O)(O)OP(=O)(O)OC[C@@H]3[C@H]([C@H]([C@@H](O3)N4C=NC5=C(N=CN=C54)N)O)O)O)O)C(=O)N
6,P25437,wild,MKSRAAVAFAPGKPLEIVEIDVAPPKKGEVLIKVTHTGVCHTDAFTLSGDDPEGVFPVVLGHEGAGVVVEVGEGVTSVKPGDHVIPLYTAECGECEFCRSGKTNLCVAVRETQGKGLMPDGTTRFSYNGQPLYHYMGCSTFSEYTVVAEVSLAKINPEANHEHVCLLGCGVTTGIGAVHNTAKVQPGDSVAVFGLGAIGLAVVQGARQAKAGRIIAIDTNPKKFDLARRFGATDCINPNDYDKPIKDVLLDINKWGIDHTFECIGNVNVMRAALESAHRGWGQSVIIGVAVAGQEISTRPFQLVTGRVWKGSAFGGVKGRSQLPGMVEDAMKGDIDLEPFVTHTMSLDEINDAFDLMHEGKSIRTVIRY,CC=O
7,P25437,wild,MKSRAAVAFAPGKPLEIVEIDVAPPKKGEVLIKVTHTGVCHTDAFTLSGDDPEGVFPVVLGHEGAGVVVEVGEGVTSVKPGDHVIPLYTAECGECEFCRSGKTNLCVAVRETQGKGLMPDGTTRFSYNGQPLYHYMGCSTFSEYTVVAEVSLAKINPEANHEHVCLLGCGVTTGIGAVHNTAKVQPGDSVAVFGLGAIGLAVVQGARQAKAGRIIAIDTNPKKFDLARRFGATDCINPNDYDKPIKDVLLDINKWGIDHTFECIGNVNVMRAALESAHRGWGQSVIIGVAVAGQEISTRPFQLVTGRVWKGSAFGGVKGRSQLPGMVEDAMKGDIDLEPFVTHTMSLDEINDAFDLMHEGKSIRTVIRY,[H+]
8,P25437,wild,MKSRAAVAFAPGKPLEIVEIDVAPPKKGEVLIKVTHTGVCHTDAFTLSGDDPEGVFPVVLGHEGAGVVVEVGEGVTSVKPGDHVIPLYTAECGECEFCRSGKTNLCVAVRETQGKGLMPDGTTRFSYNGQPLYHYMGCSTFSEYTVVAEVSLAKINPEANHEHVCLLGCGVTTGIGAVHNTAKVQPGDSVAVFGLGAIGLAVVQGARQAKAGRIIAIDTNPKKFDLARRFGATDCINPNDYDKPIKDVLLDINKWGIDHTFECIGNVNVMRAALESAHRGWGQSVIIGVAVAGQEISTRPFQLVTGRVWKGSAFGGVKGRSQLPGMVEDAMKGDIDLEPFVTHTMSLDEINDAFDLMHEGKSIRTVIRY,C1C=CN(C=C1C(=O)N)[C@H]2[C@@H]([C@@H]([C@H](O2)COP(=O)(O)OP(=O)(O)OC[C@@H]3[C@H]([C@H]([C@@H](O3)N4C=NC5=C(N=CN=C54)N)O)O)O)O
9,P39451,wild,MKAAVVTKDHHVDVTYKTLRSLKHGEALLKMECCGVCHTDLHVKNGDFGDKTGVILGHEGIGVVAEVGPGVTSLKPGDRASVAWFYEGCGHCEYCNSGNETLCRSVKNAGYSVDGGMAEECIVVADYAVKVPDGLDSAAASSITCAGVTTYKAVKLSKIRPGQWIAIYGLGGLGNLALQYAKNVFNAKVIAIDVNDEQLKLATEMGADLAINSHTEDAAKIVQEKTGGAHAAVVTAVAKAAFNSAVDAVRAGGRVVAVGLPPESMSLDIPRLVLDGIEVVGSLVGTRQDLTEAFQFAAEGKVVPKVALRPLADINTIFTEMEEGKIRGRMVIDFRH,CCO
10,P39451,wild,MKAAVVTKDHHVDVTYKTLRSLKHGEALLKMECCGVCHTDLHVKNGDFGDKTGVILGHEGIGVVAEVGPGVTSLKPGDRASVAWFYEGCGHCEYCNSGNETLCRSVKNAGYSVDGGMAEECIVVADYAVKVPDGLDSAAASSITCAGVTTYKAVKLSKIRPGQWIAIYGLGGLGNLALQYAKNVFNAKVIAIDVNDEQLKLATEMGADLAINSHTEDAAKIVQEKTGGAHAAVVTAVAKAAFNSAVDAVRAGGRVVAVGLPPESMSLDIPRLVLDGIEVVGSLVGTRQDLTEAFQFAAEGKVVPKVALRPLADINTIFTEMEEGKIRGRMVIDFRH,C1=CC(=C[N+](=C1)[C@H]2[C@@H]([C@@H]([C@H](O2)COP(=O)(O)OP(=O)(O)OC[C@@H]3[C@H]([C@H]([C@@H](O3)N4C=NC5=C(N=CN=C54)N)O)O)O)O)C(=O)N
11,P39451,wild,MKAAVVTKDHHVDVTYKTLRSLKHGEALLKMECCGVCHTDLHVKNGDFGDKTGVILGHEGIGVVAEVGPGVTSLKPGDRASVAWFYEGCGHCEYCNSGNETLCRSVKNAGYSVDGGMAEECIVVADYAVKVPDGLDSAAASSITCAGVTTYKAVKLSKIRPGQWIAIYGLGGLGNLALQYAKNVFNAKVIAIDVNDEQLKLATEMGADLAINSHTEDAAKIVQEKTGGAHAAVVTAVAKAAFNSAVDAVRAGGRVVAVGLPPESMSLDIPRLVLDGIEVVGSLVGTRQDLTEAFQFAAEGKVVPKVALRPLADINTIFTEMEEGKIRGRMVIDFRH,CC=O
12,P39451,wild,MKAAVVTKDHHVDVTYKTLRSLKHGEALLKMECCGVCHTDLHVKNGDFGDKTGVILGHEGIGVVAEVGPGVTSLKPGDRASVAWFYEGCGHCEYCNSGNETLCRSVKNAGYSVDGGMAEECIVVADYAVKVPDGLDSAAASSITCAGVTTYKAVKLSKIRPGQWIAIYGLGGLGNLALQYAKNVFNAKVIAIDVNDEQLKLATEMGADLAINSHTEDAAKIVQEKTGGAHAAVVTAVAKAAFNSAVDAVRAGGRVVAVGLPPESMSLDIPRLVLDGIEVVGSLVGTRQDLTEAFQFAAEGKVVPKVALRPLADINTIFTEMEEGKIRGRMVIDFRH,[H+]
13,P39451,wild,MKAAVVTKDHHVDVTYKTLRSLKHGEALLKMECCGVCHTDLHVKNGDFGDKTGVILGHEGIGVVAEVGPGVTSLKPGDRASVAWFYEGCGHCEYCNSGNETLCRSVKNAGYSVDGGMAEECIVVADYAVKVPDGLDSAAASSITCAGVTTYKAVKLSKIRPGQWIAIYGLGGLGNLALQYAKNVFNAKVIAIDVNDEQLKLATEMGADLAINSHTEDAAKIVQEKTGGAHAAVVTAVAKAAFNSAVDAVRAGGRVVAVGLPPESMSLDIPRLVLDGIEVVGSLVGTRQDLTEAFQFAAEGKVVPKVALRPLADINTIFTEMEEGKIRGRMVIDFRH,C1C=CN(C=C1C(=O)N)[C@H]2[C@@H]([C@@H]([C@H](O2)COP(=O)(O)OP(=O)(O)OC[C@@H]3[C@H]([C@H]([C@@H](O3)N4C=NC5=C(N=CN=C54)N)O)O)O)O
14,P0A9Q7,wild,MAVTNVAELNALVERVKKAQREYASFTQEQVDKIFRAAALAAADARIPLAKMAVAESGMGIVEDKVIKNHFASEYIYNAYKDEKTCGVLSEDDTFGTITIAEPIGIICGIVPTTNPTSTAIFKSLISLKTRNAIIFSPHPRAKDATNKAADIVLQAAIAAGAPKDLIGWIDQPSVELSNALMHHPDINLILATGGPGMVKAAYSSGKPAIGVGAGNTPVVIDETADIKRAVASVLMSKTFDNGVICASEQSVVVVDSVYDAVRERFATHGGYLLQGKELKAVQDVILKNGALNAAIVGQPAYKIAELAGFSVPENTKILIGEVTVVDESEPFAHEKLSPTLAMYRAKDFEDAVEKAEKLVAMGGIGHTSCLYTDQDNQPARVSYFGQKMKTARILINTPASQGGIGDLYNFKLAPSLTLGCGSWGGNSISENVGPKHLINKKTVAKRAENMLWHKLPKSIYFRRGSLPIALDEVITDGHKRALIVTDRFLFNNGYADQITSVLKAAGVETEVFFEVEADPTLSIVRKGAELANSFKPDVIIALGGGSPMDAAKIMWVMYEHPETHFEELALRFMDIRKRIYKFPKMGVKAKMIAVTTTSGTGSEVTPFAVVTDDATGQKYPLADYALTPDMAIVDANLVMDMPKSLCAFGGLDAVTHAMEAYVSVLASEFSDGQALQALKLLKEYLPASYHEGSKNPVARERVHSAATIAGIAFANAFLGVCHSMAHKLGSQFHIPHGLANALLICNVIRYNANDNPTKQTAFSQYDRPQARRRYAEIADHLGLSAPGDRTAAKIEKLLAWLETLKAELGIPKSIREAGVQEADFLANVDKLSEDAFDDQCTGANPRYPLISELKQILLDTYYGRDYVEGETAAKKEAAPAKAEKKAKKSA,CCO
15,P0A9Q7,wild,MAVTNVAELNALVERVKKAQREYASFTQEQVDKIFRAAALAAADARIPLAKMAVAESGMGIVEDKVIKNHFASEYIYNAYKDEKTCGVLSEDDTFGTITIAEPIGIICGIVPTTNPTSTAIFKSLISLKTRNAIIFSPHPRAKDATNKAADIVLQAAIAAGAPKDLIGWIDQPSVELSNALMHHPDINLILATGGPGMVKAAYSSGKPAIGVGAGNTPVVIDETADIKRAVASVLMSKTFDNGVICASEQSVVVVDSVYDAVRERFATHGGYLLQGKELKAVQDVILKNGALNAAIVGQPAYKIAELAGFSVPENTKILIGEVTVVDESEPFAHEKLSPTLAMYRAKDFEDAVEKAEKLVAMGGIGHTSCLYTDQDNQPARVSYFGQKMKTARILINTPASQGGIGDLYNFKLAPSLTLGCGSWGGNSISENVGPKHLINKKTVAKRAENMLWHKLPKSIYFRRGSLPIALDEVITDGHKRALIVTDRFLFNNGYADQITSVLKAAGVETEVFFEVEADPTLSIVRKGAELANSFKPDVIIALGGGSPMDAAKIMWVMYEHPETHFEELALRFMDIRKRIYKFPKMGVKAKMIAVTTTSGTGSEVTPFAVVTDDATGQKYPLADYALTPDMAIVDANLVMDMPKSLCAFGGLDAVTHAMEAYVSVLASEFSDGQALQALKLLKEYLPASYHEGSKNPVARERVHSAATIAGIAFANAFLGVCHSMAHKLGSQFHIPHGLANALLICNVIRYNANDNPTKQTAFSQYDRPQARRRYAEIADHLGLSAPGDRTAAKIEKLLAWLETLKAELGIPKSIREAGVQEADFLANVDKLSEDAFDDQCTGANPRYPLISELKQILLDTYYGRDYVEGETAAKKEAAPAKAEKKAKKSA,C1=CC(=C[N+](=C1)[C@H]2[C@@H]([C@@H]([C@H](O2)COP(=O)(O)OP(=O)(O)OC[C@@H]3[C@H]([C@H]([C@@H](O3)N4C=NC5=C(N=CN=C54)N)O)O)O)O)C(=O)N
16,P0A9Q7,wild,MAVTNVAELNALVERVKKAQREYASFTQEQVDKIFRAAALAAADARIPLAKMAVAESGMGIVEDKVIKNHFASEYIYNAYKDEKTCGVLSEDDTFGTITIAEPIGIICGIVPTTNPTSTAIFKSLISLKTRNAIIFSPHPRAKDATNKAADIVLQAAIAAGAPKDLIGWIDQPSVELSNALMHHPDINLILATGGPGMVKAAYSSGKPAIGVGAGNTPVVIDETADIKRAVASVLMSKTFDNGVICASEQSVVVVDSVYDAVRERFATHGGYLLQGKELKAVQDVILKNGALNAAIVGQPAYKIAELAGFSVPENTKILIGEVTVVDESEPFAHEKLSPTLAMYRAKDFEDAVEKAEKLVAMGGIGHTSCLYTDQDNQPARVSYFGQKMKTARILINTPASQGGIGDLYNFKLAPSLTLGCGSWGGNSISENVGPKHLINKKTVAKRAENMLWHKLPKSIYFRRGSLPIALDEVITDGHKRALIVTDRFLFNNGYADQITSVLKAAGVETEVFFEVEADPTLSIVRKGAELANSFKPDVIIALGGGSPMDAAKIMWVMYEHPETHFEELALRFMDIRKRIYKFPKMGVKAKMIAVTTTSGTGSEVTPFAVVTDDATGQKYPLADYALTPDMAIVDANLVMDMPKSLCAFGGLDAVTHAMEAYVSVLASEFSDGQALQALKLLKEYLPASYHEGSKNPVARERVHSAATIAGIAFANAFLGVCHSMAHKLGSQFHIPHGLANALLICNVIRYNANDNPTKQTAFSQYDRPQARRRYAEIADHLGLSAPGDRTAAKIEKLLAWLETLKAELGIPKSIREAGVQEADFLANVDKLSEDAFDDQCTGANPRYPLISELKQILLDTYYGRDYVEGETAAKKEAAPAKAEKKAKKSA,CC=O
17,P11868,wild,MNEFPVVLVINCGSSSIKFSVLDASDCEVLMSGIADGINSENAFLSVNGGEPAPLAHHSYEGALKAIAFELEKRNLNDSVALIGHRIAHGGSIFTESAIITDEVIDNIRRVSPLAPLHNYANLSGIESAQQLFPGVTQVAVFDTSFHQTMAPEAYLYGLPWKYYEELGVRRYGFHGTSHRYVSQRAHSLLNLAEDDSGLVVAHLGNGASICAVRNGQSVDTSMGMTPLEGLMMGTRSGDVDFGAMSWVASQTNQSLGDLERVVNKESGLLGISGLSSDLRVLEKAWHEGHERAQLAIKTFVHRIARHIAGHAASLRRLDGIIFTGGIGENSSLIRRLVMEHLAVLGLEIDTEMNNRSNSCGERIVSSENARVICAVIPTNEEKMIALDAIHLGKVNAPAEFA,CC(=O)OP(=O)(O)O
18,P11868,wild,MNEFPVVLVINCGSSSIKFSVLDASDCEVLMSGIADGINSENAFLSVNGGEPAPLAHHSYEGALKAIAFELEKRNLNDSVALIGHRIAHGGSIFTESAIITDEVIDNIRRVSPLAPLHNYANLSGIESAQQLFPGVTQVAVFDTSFHQTMAPEAYLYGLPWKYYEELGVRRYGFHGTSHRYVSQRAHSLLNLAEDDSGLVVAHLGNGASICAVRNGQSVDTSMGMTPLEGLMMGTRSGDVDFGAMSWVASQTNQSLGDLERVVNKESGLLGISGLSSDLRVLEKAWHEGHERAQLAIKTFVHRIARHIAGHAASLRRLDGIIFTGGIGENSSLIRRLVMEHLAVLGLEIDTEMNNRSNSCGERIVSSENARVICAVIPTNEEKMIALDAIHLGKVNAPAEFA,C1=NC(=C2C(=N1)N(C=N2)[C@H]3[C@@H]([C@@H]([C@H](O3)COP(=O)(O)OP(=O)(O)O)O)O)N
19,P0A6A3,wild,MSSKLVLVLNCGSSSLKFAIIDAVNGEEYLSGLAECFHLPEARIKWKMDGNKQEAALGAGAAHSEALNFIVNTILAQKPELSAQLTAIGHRIVHGGEKYTSSVVIDESVIQGIKDAASFAPLHNPAHLIGIEEALKSFPQLKDKNVAVFDTAFHQTMPEESYLYALPYNLYKEHGIRRYGAHGTSHFYVTQEAAKMLNKPVEELNIITCHLGNGGSVSAIRNGKCVDTSMGLTPLEGLVMGTRSGDIDPAIIFHLHDTLGMSVDAINKLLTKESGLLGLTEVTSDCRYVEDNYATKEDAKRAMDVYCHRLAKYIGAYTALMDGRLDAVVFTGGIGENAAMVRELSLGKLGVLGFEVDHERNLAARFGKSGFINKEGTRPAVVIPTNEELVIAQDASRLTA,CC(=O)OP(=O)(O)O
20,P0A6A3,wild,MSSKLVLVLNCGSSSLKFAIIDAVNGEEYLSGLAECFHLPEARIKWKMDGNKQEAALGAGAAHSEALNFIVNTILAQKPELSAQLTAIGHRIVHGGEKYTSSVVIDESVIQGIKDAASFAPLHNPAHLIGIEEALKSFPQLKDKNVAVFDTAFHQTMPEESYLYALPYNLYKEHGIRRYGAHGTSHFYVTQEAAKMLNKPVEELNIITCHLGNGGSVSAIRNGKCVDTSMGLTPLEGLVMGTRSGDIDPAIIFHLHDTLGMSVDAINKLLTKESGLLGLTEVTSDCRYVEDNYATKEDAKRAMDVYCHRLAKYIGAYTALMDGRLDAVVFTGGIGENAAMVRELSLGKLGVLGFEVDHERNLAARFGKSGFINKEGTRPAVVIPTNEELVIAQDASRLTA,C1=NC(=C2C(=N1)N(C=N2)[C@H]3[C@@H]([C@@H]([C@H](O3)COP(=O)(O)OP(=O)(O)O)O)O)N
21,P33221,wild,MTLLGTALRPAATRVMLLGSGELGKEVAIECQRLGVEVIAVDRYADAPAMHVAHRSHVINMLDGDALRRVVELEKPHYIVPEIEAIATDMLIQLEEEGLNVVPCARATKLTMNREGIRRLAAEELQLPTSTYRFADSESLFREAVADIGYPCIVKPVMSSSGKGQTFIRSAEQLAQAWKYAQQGGRAGAGRVIVEGVVKFDFEITLLTVSAVDGVHFCAPVGHRQEDGDYRESWQPQQMSPLALERAQEIARKVVLALGGYGLFGVELFVCGDEVIFSEVSPRPHDTGMVTLISQDLSEFALHVRAFLGLPVGGIRQYGPAASAVILPQLTSQNVTFDNVQNAVGADLQIRLFGKPEIDGSRRLGVALATAESVVDAIERAKHAAGQVKVQG,CC(=O)OP(=O)(O)O
22,P33221,wild,MTLLGTALRPAATRVMLLGSGELGKEVAIECQRLGVEVIAVDRYADAPAMHVAHRSHVINMLDGDALRRVVELEKPHYIVPEIEAIATDMLIQLEEEGLNVVPCARATKLTMNREGIRRLAAEELQLPTSTYRFADSESLFREAVADIGYPCIVKPVMSSSGKGQTFIRSAEQLAQAWKYAQQGGRAGAGRVIVEGVVKFDFEITLLTVSAVDGVHFCAPVGHRQEDGDYRESWQPQQMSPLALERAQEIARKVVLALGGYGLFGVELFVCGDEVIFSEVSPRPHDTGMVTLISQDLSEFALHVRAFLGLPVGGIRQYGPAASAVILPQLTSQNVTFDNVQNAVGADLQIRLFGKPEIDGSRRLGVALATAESVVDAIERAKHAAGQVKVQG,C1=NC(=C2C(=N1)N(C=N2)[C@H]3[C@@H]([C@@H]([C@H](O3)COP(=O)(O)OP(=O)(O)O)O)O)N
23,P23538,wild,MSNNGSSPLVLWYNQLGMNDVDRVGGKNASLGEMITNLSGMGVSVPNGFATTADAFNQFLDQSGVNQRIYELLDKTDIDDVTQLAKAGAQIRQWIIDTPFQPELENAIREAYAQLSADDENASFAVRSSATAEDMPDASFAGQQETFLNVQGFDAVLVAVKHVFASLFNDRAISYRVHQGYDHRGVALSAGVQRMVRSDLASSGVMFSIDTESGFDQVVFITSAWGLGEMVVQGAVNPDEFYVHKPTLAANRPAIVRRTMGSKKIRMVYAPTQEHGKQVKIEDVPQEQRDIFSLTNEEVQELAKQAVQIEKHYGRPMDIEWAKDGHTGKLFIVQARPETVRSRGQVMERYTLHSQGKIIAEGRAIGHRIGAGPVKVIHDISEMNRIEPGDVLVTDMTDPDWEPIMKKASAIVTNRGGRTCHAAIIARELGIPAVVGCGDATERMKDGENVTVSCAEGDTGYVYAELLEFSVKSSSVETMPDLPLKVMMNVGNPDRAFDFACLPNEGVGLARLEFIINRMIGVHPRALLEFDDQEPQLQNEIREMMKGFDSPREFYVGRLTEGIATLGAAFYPKRVIVRLSDFKSNEYANLVGGERYEPDEENPMLGFRGAGRYVSDSFRDCFALECEAVKRVRNDMGLTNVEIMIPFVRTVDQAKAVVEELARQGLKRGENGLKIIMMCEIPSNALLAEQFLEYFDGFSIGSNDMTQLALGLDRDSGVVSELFDERNDAVKALLSMAIRAAKKQGKYVGICGQGPSDHEDFAAWLMEEGIDSLSLNPDTVVQTWLSLAELKK,C1=NC(=C2C(=N1)N(C=N2)[C@H]3[C@@H]([C@@H]([C@H](O3)COP(=O)(O)OP(=O)(O)OP(=O)(O)O)O)O)N
24,P23538,wild,MSNNGSSPLVLWYNQLGMNDVDRVGGKNASLGEMITNLSGMGVSVPNGFATTADAFNQFLDQSGVNQRIYELLDKTDIDDVTQLAKAGAQIRQWIIDTPFQPELENAIREAYAQLSADDENASFAVRSSATAEDMPDASFAGQQETFLNVQGFDAVLVAVKHVFASLFNDRAISYRVHQGYDHRGVALSAGVQRMVRSDLASSGVMFSIDTESGFDQVVFITSAWGLGEMVVQGAVNPDEFYVHKPTLAANRPAIVRRTMGSKKIRMVYAPTQEHGKQVKIEDVPQEQRDIFSLTNEEVQELAKQAVQIEKHYGRPMDIEWAKDGHTGKLFIVQARPETVRSRGQVMERYTLHSQGKIIAEGRAIGHRIGAGPVKVIHDISEMNRIEPGDVLVTDMTDPDWEPIMKKASAIVTNRGGRTCHAAIIARELGIPAVVGCGDATERMKDGENVTVSCAEGDTGYVYAELLEFSVKSSSVETMPDLPLKVMMNVGNPDRAFDFACLPNEGVGLARLEFIINRMIGVHPRALLEFDDQEPQLQNEIREMMKGFDSPREFYVGRLTEGIATLGAAFYPKRVIVRLSDFKSNEYANLVGGERYEPDEENPMLGFRGAGRYVSDSFRDCFALECEAVKRVRNDMGLTNVEIMIPFVRTVDQAKAVVEELARQGLKRGENGLKIIMMCEIPSNALLAEQFLEYFDGFSIGSNDMTQLALGLDRDSGVVSELFDERNDAVKALLSMAIRAAKKQGKYVGICGQGPSDHEDFAAWLMEEGIDSLSLNPDTVVQTWLSLAELKK,O
25,P23538,wild,MSNNGSSPLVLWYNQLGMNDVDRVGGKNASLGEMITNLSGMGVSVPNGFATTADAFNQFLDQSGVNQRIYELLDKTDIDDVTQLAKAGAQIRQWIIDTPFQPELENAIREAYAQLSADDENASFAVRSSATAEDMPDASFAGQQETFLNVQGFDAVLVAVKHVFASLFNDRAISYRVHQGYDHRGVALSAGVQRMVRSDLASSGVMFSIDTESGFDQVVFITSAWGLGEMVVQGAVNPDEFYVHKPTLAANRPAIVRRTMGSKKIRMVYAPTQEHGKQVKIEDVPQEQRDIFSLTNEEVQELAKQAVQIEKHYGRPMDIEWAKDGHTGKLFIVQARPETVRSRGQVMERYTLHSQGKIIAEGRAIGHRIGAGPVKVIHDISEMNRIEPGDVLVTDMTDPDWEPIMKKASAIVTNRGGRTCHAAIIARELGIPAVVGCGDATERMKDGENVTVSCAEGDTGYVYAELLEFSVKSSSVETMPDLPLKVMMNVGNPDRAFDFACLPNEGVGLARLEFIINRMIGVHPRALLEFDDQEPQLQNEIREMMKGFDSPREFYVGRLTEGIATLGAAFYPKRVIVRLSDFKSNEYANLVGGERYEPDEENPMLGFRGAGRYVSDSFRDCFALECEAVKRVRNDMGLTNVEIMIPFVRTVDQAKAVVEELARQGLKRGENGLKIIMMCEIPSNALLAEQFLEYFDGFSIGSNDMTQLALGLDRDSGVVSELFDERNDAVKALLSMAIRAAKKQGKYVGICGQGPSDHEDFAAWLMEEGIDSLSLNPDTVVQTWLSLAELKK,CC(=O)C(=O)O
26,P69441,wild,MRIILLGAPGAGKGTQAQFIMEKYGIPQISTGDMLRAAVKSGSELGKQAKDIMDAGKLVTDELVIALVKERIAQEDCRNGFLLDGFPRTIPQADAMKEAGINVDYVLEFDVPDELIVDRIVGRRVHAPSGRVYHVKFNPPKVEGKDDVTGEELTTRKDDQEETVRKRLVEYHQMTAPLIGYYSKEAEAGNTKYAKVDGTKPVAEVRADLEKILG,C1=NC(=C2C(=N1)N(C=N2)[C@H]3[C@@H]([C@@H]([C@H](O3)COP(=O)(O)O)O)O)N
27,P69441,wild,MRIILLGAPGAGKGTQAQFIMEKYGIPQISTGDMLRAAVKSGSELGKQAKDIMDAGKLVTDELVIALVKERIAQEDCRNGFLLDGFPRTIPQADAMKEAGINVDYVLEFDVPDELIVDRIVGRRVHAPSGRVYHVKFNPPKVEGKDDVTGEELTTRKDDQEETVRKRLVEYHQMTAPLIGYYSKEAEAGNTKYAKVDGTKPVAEVRADLEKILG,C1=NC(=C2C(=N1)N(C=N2)[C@H]3[C@@H]([C@@H]([C@H](O3)COP(=O)(O)OP(=O)(O)OP(=O)(O)O)O)O)N
28,P69441,wild,MRIILLGAPGAGKGTQAQFIMEKYGIPQISTGDMLRAAVKSGSELGKQAKDIMDAGKLVTDELVIALVKERIAQEDCRNGFLLDGFPRTIPQADAMKEAGINVDYVLEFDVPDELIVDRIVGRRVHAPSGRVYHVKFNPPKVEGKDDVTGEELTTRKDDQEETVRKRLVEYHQMTAPLIGYYSKEAEAGNTKYAKVDGTKPVAEVRADLEKILG,C1=NC(=C2C(=N1)N(C=N2)[C@H]3[C@@H]([C@@H]([C@H](O3)COP(=O)(O)OP(=O)(O)O)O)O)N
29,P0AFG6,wild,MSSVDILVPDLPESVADATVATWHKKPGDAVVRDEVLVEIETDKVVLEVPASADGILDAVLEDEGTTVTSRQILGRLREGNSAGKETSAKSEEKASTPAQRQQASLEEQNNDALSPAIRRLLAEHNLDASAIKGTGVGGRLTREDVEKHLAKAPAKESAPAAAAPAAQPALAARSEKRVPMTRLRKRVAERLLEAKNSTAMLTTFNEVNMKPIMDLRKQYGEAFEKRHGIRLGFMSFYVKAVVEALKRYPEVNASIDGDDVVYHNYFDVSMAVSTPRGLVTPVLRDVDTLGMADIEKKIKELAVKGRDGKLTVEDLTGGNFTITNGGVFGSLMSTPIINPPQSAILGMHAIKDRPMAVNGQVEILPMMYLALSYDHRLIDGRESVGFLVTIKELLEDPTRLLLDV,C(CC(=O)O)C(=O)C(=O)O
30,P0AFG6,wild,MSSVDILVPDLPESVADATVATWHKKPGDAVVRDEVLVEIETDKVVLEVPASADGILDAVLEDEGTTVTSRQILGRLREGNSAGKETSAKSEEKASTPAQRQQASLEEQNNDALSPAIRRLLAEHNLDASAIKGTGVGGRLTREDVEKHLAKAPAKESAPAAAAPAAQPALAARSEKRVPMTRLRKRVAERLLEAKNSTAMLTTFNEVNMKPIMDLRKQYGEAFEKRHGIRLGFMSFYVKAVVEALKRYPEVNASIDGDDVVYHNYFDVSMAVSTPRGLVTPVLRDVDTLGMADIEKKIKELAVKGRDGKLTVEDLTGGNFTITNGGVFGSLMSTPIINPPQSAILGMHAIKDRPMAVNGQVEILPMMYLALSYDHRLIDGRESVGFLVTIKELLEDPTRLLLDV,CC(C)(COP(=O)(O)OP(=O)(O)OC[C@@H]1[C@H]([C@H]([C@@H](O1)N2C=NC3=C(N=CN=C32)N)O)OP(=O)(O)O)[C@H](C(=O)NCCC(=O)NCCS)O
31,P0AFG6,wild,MSSVDILVPDLPESVADATVATWHKKPGDAVVRDEVLVEIETDKVVLEVPASADGILDAVLEDEGTTVTSRQILGRLREGNSAGKETSAKSEEKASTPAQRQQASLEEQNNDALSPAIRRLLAEHNLDASAIKGTGVGGRLTREDVEKHLAKAPAKESAPAAAAPAAQPALAARSEKRVPMTRLRKRVAERLLEAKNSTAMLTTFNEVNMKPIMDLRKQYGEAFEKRHGIRLGFMSFYVKAVVEALKRYPEVNASIDGDDVVYHNYFDVSMAVSTPRGLVTPVLRDVDTLGMADIEKKIKELAVKGRDGKLTVEDLTGGNFTITNGGVFGSLMSTPIINPPQSAILGMHAIKDRPMAVNGQVEILPMMYLALSYDHRLIDGRESVGFLVTIKELLEDPTRLLLDV,C1=CC(=C[N+](=C1)[C@H]2[C@@H]([C@@H]([C@H](O2)COP(=O)(O)OP(=O)(O)OC[C@@H]3[C@H]([C@H]([C@@H](O3)N4C=NC5=C(N=CN=C54)N)O)O)O)O)C(=O)N
32,P0AG07,wild,MKQYLIAPSILSADFARLGEDTAKALAAGADVVHFDVMDNHYVPNLTIGPMVLKSLRNYGITAPIDVHLMVKPVDRIVPDFAAAGASIITFHPEASEHVDRTLQLIKENGCKAGLVFNPATPLSYLDYVMDKLDVILLMSVNPGFGGQSFIPQTLDKLREVRRRIDESGFDIRLEVDGGVKVNNIGEIAAAGADMFVAGSAIFDQPDYKKVIDEMRSELAKVSHE,C([C@H]([C@@H](C(=O)CO)O)O)OP(=O)(O)O
33,P39362,wild,MILHPSLASANPLHYGRELTALDNLDFGSLHLDIEDSSFINNITFGMKTVQAVARQTPHPLSFHFMLARPQRWFNALAEIRPAWIFVHAETLDYPSETLTEIRHTGARAGLVFNPATPIDAWRYLASELDGVMVMTSEPDGQGQRFIPSMCEKIQKVRTAFPQTECWADGGITLAAAQQLAAAGAQHMVIGRALFSSSDYRATLAQFATL,C([C@H]([C@@H](C(=O)CO)O)O)OP(=O)(O)O
34,P0ABH7,wild,MADTKAKLTLNGDTAVELDVLKGTLGQDVIDIRTLGSKGVFTFDPGFTSTASCESKITFIDGDEGILLHRGFPIDQLATDSNYLEVCYILLNGEKPTQEQYDEFKTTVTRHTMIHEQITRLFHAFRRDSHPMAVMCGITGALAAFYHDSLDVNNPRHREIAAFRLLSKMPTMAAMCYKYSIGQPFVYPRNDLSYAGNFLNMMFSTPCEPYEVNPILERAMDRILILHADHEQNASTSTVRTAGSSGANPFACIAAGIASLWGPAHGGANEAALKMLEEISSVKHIPEFVRRAKDKNDSFRLMGFGHRVYKNYDPRATVMRETCHEVLKELGTKDDLLEVAMELENIALNDPYFIEKKLYPNVDFYSGIILKAMGIPSSMFTVIFAMARTVGWIAHWSEMHSDGMKIARPRQLYTGYEKRDFKSDIKR,CC(=O)SCCNC(=O)CCNC(=O)[C@@H](C(C)(C)COP(=O)(O)OP(=O)(O)OC[C@@H]1[C@H]([C@H]([C@@H](O1)N2C=NC3=C(N=CN=C32)N)O)OP(=O)(O)O)O
35,P0ABH7,wild,MADTKAKLTLNGDTAVELDVLKGTLGQDVIDIRTLGSKGVFTFDPGFTSTASCESKITFIDGDEGILLHRGFPIDQLATDSNYLEVCYILLNGEKPTQEQYDEFKTTVTRHTMIHEQITRLFHAFRRDSHPMAVMCGITGALAAFYHDSLDVNNPRHREIAAFRLLSKMPTMAAMCYKYSIGQPFVYPRNDLSYAGNFLNMMFSTPCEPYEVNPILERAMDRILILHADHEQNASTSTVRTAGSSGANPFACIAAGIASLWGPAHGGANEAALKMLEEISSVKHIPEFVRRAKDKNDSFRLMGFGHRVYKNYDPRATVMRETCHEVLKELGTKDDLLEVAMELENIALNDPYFIEKKLYPNVDFYSGIILKAMGIPSSMFTVIFAMARTVGWIAHWSEMHSDGMKIARPRQLYTGYEKRDFKSDIKR,O
36,P0ABH7,wild,MADTKAKLTLNGDTAVELDVLKGTLGQDVIDIRTLGSKGVFTFDPGFTSTASCESKITFIDGDEGILLHRGFPIDQLATDSNYLEVCYILLNGEKPTQEQYDEFKTTVTRHTMIHEQITRLFHAFRRDSHPMAVMCGITGALAAFYHDSLDVNNPRHREIAAFRLLSKMPTMAAMCYKYSIGQPFVYPRNDLSYAGNFLNMMFSTPCEPYEVNPILERAMDRILILHADHEQNASTSTVRTAGSSGANPFACIAAGIASLWGPAHGGANEAALKMLEEISSVKHIPEFVRRAKDKNDSFRLMGFGHRVYKNYDPRATVMRETCHEVLKELGTKDDLLEVAMELENIALNDPYFIEKKLYPNVDFYSGIILKAMGIPSSMFTVIFAMARTVGWIAHWSEMHSDGMKIARPRQLYTGYEKRDFKSDIKR,C(C(=O)C(=O)O)C(=O)O
37,P0A6P9,wild,MSKIVKIIGREIIDSRGNPTVEAEVHLEGGFVGMAAAPSGASTGSREALELRDGDKSRFLGKGVTKAVAAVNGPIAQALIGKDAKDQAGIDKIMIDLDGTENKSKFGANAILAVSLANAKAAAAAKGMPLYEHIAELNGTPGKYSMPVPMMNIINGGEHADNNVDIQEFMIQPVGAKTVKEAIRMGSEVFHHLAKVLKAKGMNTAVGDEGGYAPNLGSNAEALAVIAEAVKAAGYELGKDITLAMDCAASEFYKDGKYVLAGEGNKAFTSEEFTHFLEELTKQYPIVSIEDGLDESDWDGFAYQTKVLGDKIQLVGDDLFVTNTKILKEGIEKGIANSILIKFNQIGSLTETLAAIKMAKDAGYTAVISHRSGETEDATIADLAVGTAAGQIKTGSMSRSDRVAKYNQLIRIEEALGEKAPYNGRKEIKGQA,O
38,P0A6P9,wild,MSKIVKIIGREIIDSRGNPTVEAEVHLEGGFVGMAAAPSGASTGSREALELRDGDKSRFLGKGVTKAVAAVNGPIAQALIGKDAKDQAGIDKIMIDLDGTENKSKFGANAILAVSLANAKAAAAAKGMPLYEHIAELNGTPGKYSMPVPMMNIINGGEHADNNVDIQEFMIQPVGAKTVKEAIRMGSEVFHHLAKVLKAKGMNTAVGDEGGYAPNLGSNAEALAVIAEAVKAAGYELGKDITLAMDCAASEFYKDGKYVLAGEGNKAFTSEEFTHFLEELTKQYPIVSIEDGLDESDWDGFAYQTKVLGDKIQLVGDDLFVTNTKILKEGIEKGIANSILIKFNQIGSLTETLAAIKMAKDAGYTAVISHRSGETEDATIADLAVGTAAGQIKTGSMSRSDRVAKYNQLIRIEEALGEKAPYNGRKEIKGQA,C=C(C(=O)O)OP(=O)(O)O
39,P27302,wild,MSSRKELANAIRALSMDAVQKAKSGHPGAPMGMADIAEVLWRDFLKHNPQNPSWADRDRFVLSNGHGSMLIYSLLHLTGYDLPMEELKNFRQLHSKTPGHPEVGYTAGVETTTGPLGQGIANAVGMAIAEKTLAAQFNRPGHDIVDHYTYAFMGDGCMMEGISHEVCSLAGTLKLGKLIAFYDDNGISIDGHVEGWFTDDTAMRFEAYGWHVIRDIDGHDAASIKRAVEEARAVTDKPSLLMCKTIIGFGSPNKAGTHDSHGAPLGDAEIALTREQLGWKYAPFEIPSEIYAQWDAKEAGQAKESAWNEKFAAYAKAYPQEAAEFTRRMKGEMPSDFDAKAKEFIAKLQANPAKIASRKASQNAIEAFGPLLPEFLGGSADLAPSNLTLWSGSKAINEDAAGNYIHYGVREFGMTAIANGISLHGGFLPYTSTFLMFVEYARNAVRMAALMKQRQVMVYTHDSIGLGEDGPTHQPVEQVASLRVTPNMSTWRPCDQVESAVAWKYGVERQDGPTALILSRQNLAQQERTEEQLANIARGGYVLKDCAGQPELIFIATGSEVELAVAAYEKLTAEGVKARVVSMPSTDAFDKQDAAYRESVLPKAVTARVAVEAGIADYWYKYVGLNGAIVGMTTFGESAPAELLFEEFGFTVDNVVAKAKELL,C(C(C=O)O)OP(=O)(O)O
40,P27302,wild,MSSRKELANAIRALSMDAVQKAKSGHPGAPMGMADIAEVLWRDFLKHNPQNPSWADRDRFVLSNGHGSMLIYSLLHLTGYDLPMEELKNFRQLHSKTPGHPEVGYTAGVETTTGPLGQGIANAVGMAIAEKTLAAQFNRPGHDIVDHYTYAFMGDGCMMEGISHEVCSLAGTLKLGKLIAFYDDNGISIDGHVEGWFTDDTAMRFEAYGWHVIRDIDGHDAASIKRAVEEARAVTDKPSLLMCKTIIGFGSPNKAGTHDSHGAPLGDAEIALTREQLGWKYAPFEIPSEIYAQWDAKEAGQAKESAWNEKFAAYAKAYPQEAAEFTRRMKGEMPSDFDAKAKEFIAKLQANPAKIASRKASQNAIEAFGPLLPEFLGGSADLAPSNLTLWSGSKAINEDAAGNYIHYGVREFGMTAIANGISLHGGFLPYTSTFLMFVEYARNAVRMAALMKQRQVMVYTHDSIGLGEDGPTHQPVEQVASLRVTPNMSTWRPCDQVESAVAWKYGVERQDGPTALILSRQNLAQQERTEEQLANIARGGYVLKDCAGQPELIFIATGSEVELAVAAYEKLTAEGVKARVVSMPSTDAFDKQDAAYRESVLPKAVTARVAVEAGIADYWYKYVGLNGAIVGMTTFGESAPAELLFEEFGFTVDNVVAKAKELL,C([C@H]([C@H]([C@H]([C@@H](C(=O)CO)O)O)O)O)OP(=O)(O)O
41,P33570,wild,MSRKDLANAIRALSMDAVQKANSGHPGAPMGMADIAEVLWNDFLKHNPTDPTWYDRDRFILSNGHASMLLYSLLHLTGYDLPLEELKNFRQLHSKTPGHPEIGYTPGVETTTGPLGQGLANAVGLAIAERTLAAQFNQPDHEIVDHFTYVFMGDGCLMEGISHEVCSLAGTLGLGKLIGFYDHNGISIDGETEGWFTDDTAKRFEAYHWHVIHEIDGHDPQAVKEAILEAQSVKDKPSLIICRTVIGFGSPNKAGKEEAHGAPLGEEEVALARQKLGWHHPPFEIPKEIYHAWDAREKGEKAQQSWNEKFAAYKKAHPQLAEEFTRRMSGGLPKDWEKTTQKYINELQANPAKIATRKASQNTLNAYGPMLPELLGGSADLAPSNLTIWKGSVSLKEDPAGNYIHYGVREFGMTAIANGIAHHGGFVPYTATFLMFVEYARNAARMAALMKARQIMVYTHDSIGLGEDGPTHQAVEQLASLRLTPNFSTWRPCDQVEAAVGWKLAVERHNGPTALILSRQNLAQVERTPDQVKEIARGGYVLKDSGGKPDIILIATGSEMEITLQAAEKLAGEGRNVRVVSLPSTDIFDAQDEEYRESVLPSNVAARVAVEAGIADYWYKYVGLKGAIVGMTGYGESAPADKLFPFFGFTAENIVAKAHKVLGVKGA,C(C(C=O)O)OP(=O)(O)O
42,P33570,wild,MSRKDLANAIRALSMDAVQKANSGHPGAPMGMADIAEVLWNDFLKHNPTDPTWYDRDRFILSNGHASMLLYSLLHLTGYDLPLEELKNFRQLHSKTPGHPEIGYTPGVETTTGPLGQGLANAVGLAIAERTLAAQFNQPDHEIVDHFTYVFMGDGCLMEGISHEVCSLAGTLGLGKLIGFYDHNGISIDGETEGWFTDDTAKRFEAYHWHVIHEIDGHDPQAVKEAILEAQSVKDKPSLIICRTVIGFGSPNKAGKEEAHGAPLGEEEVALARQKLGWHHPPFEIPKEIYHAWDAREKGEKAQQSWNEKFAAYKKAHPQLAEEFTRRMSGGLPKDWEKTTQKYINELQANPAKIATRKASQNTLNAYGPMLPELLGGSADLAPSNLTIWKGSVSLKEDPAGNYIHYGVREFGMTAIANGIAHHGGFVPYTATFLMFVEYARNAARMAALMKARQIMVYTHDSIGLGEDGPTHQAVEQLASLRLTPNFSTWRPCDQVEAAVGWKLAVERHNGPTALILSRQNLAQVERTPDQVKEIARGGYVLKDSGGKPDIILIATGSEMEITLQAAEKLAGEGRNVRVVSLPSTDIFDAQDEEYRESVLPSNVAARVAVEAGIADYWYKYVGLKGAIVGMTGYGESAPADKLFPFFGFTAENIVAKAHKVLGVKGA,C([C@H]([C@H]([C@H]([C@@H](C(=O)CO)O)O)O)O)OP(=O)(O)O
43,P27302,wild,MSSRKELANAIRALSMDAVQKAKSGHPGAPMGMADIAEVLWRDFLKHNPQNPSWADRDRFVLSNGHGSMLIYSLLHLTGYDLPMEELKNFRQLHSKTPGHPEVGYTAGVETTTGPLGQGIANAVGMAIAEKTLAAQFNRPGHDIVDHYTYAFMGDGCMMEGISHEVCSLAGTLKLGKLIAFYDDNGISIDGHVEGWFTDDTAMRFEAYGWHVIRDIDGHDAASIKRAVEEARAVTDKPSLLMCKTIIGFGSPNKAGTHDSHGAPLGDAEIALTREQLGWKYAPFEIPSEIYAQWDAKEAGQAKESAWNEKFAAYAKAYPQEAAEFTRRMKGEMPSDFDAKAKEFIAKLQANPAKIASRKASQNAIEAFGPLLPEFLGGSADLAPSNLTLWSGSKAINEDAAGNYIHYGVREFGMTAIANGISLHGGFLPYTSTFLMFVEYARNAVRMAALMKQRQVMVYTHDSIGLGEDGPTHQPVEQVASLRVTPNMSTWRPCDQVESAVAWKYGVERQDGPTALILSRQNLAQQERTEEQLANIARGGYVLKDCAGQPELIFIATGSEVELAVAAYEKLTAEGVKARVVSMPSTDAFDKQDAAYRESVLPKAVTARVAVEAGIADYWYKYVGLNGAIVGMTTFGESAPAELLFEEFGFTVDNVVAKAKELL,C([C@@H]1[C@H]([C@@H]([C@](O1)(CO)O)O)O)OP(=O)(O)O
44,P33570,wild,MSRKDLANAIRALSMDAVQKANSGHPGAPMGMADIAEVLWNDFLKHNPTDPTWYDRDRFILSNGHASMLLYSLLHLTGYDLPLEELKNFRQLHSKTPGHPEIGYTPGVETTTGPLGQGLANAVGLAIAERTLAAQFNQPDHEIVDHFTYVFMGDGCLMEGISHEVCSLAGTLGLGKLIGFYDHNGISIDGETEGWFTDDTAKRFEAYHWHVIHEIDGHDPQAVKEAILEAQSVKDKPSLIICRTVIGFGSPNKAGKEEAHGAPLGEEEVALARQKLGWHHPPFEIPKEIYHAWDAREKGEKAQQSWNEKFAAYKKAHPQLAEEFTRRMSGGLPKDWEKTTQKYINELQANPAKIATRKASQNTLNAYGPMLPELLGGSADLAPSNLTIWKGSVSLKEDPAGNYIHYGVREFGMTAIANGIAHHGGFVPYTATFLMFVEYARNAARMAALMKARQIMVYTHDSIGLGEDGPTHQAVEQLASLRLTPNFSTWRPCDQVEAAVGWKLAVERHNGPTALILSRQNLAQVERTPDQVKEIARGGYVLKDSGGKPDIILIATGSEMEITLQAAEKLAGEGRNVRVVSLPSTDIFDAQDEEYRESVLPSNVAARVAVEAGIADYWYKYVGLKGAIVGMTGYGESAPADKLFPFFGFTAENIVAKAHKVLGVKGA,C([C@@H]1[C@H]([C@@H]([C@](O1)(CO)O)O)O)OP(=O)(O)O
45,P0AC53,wild,MAVTQTAQACDLVIFGAKGDLARRKLLPSLYQLEKAGQLNPDTRIIGVGRADWDKAAYTKVVREALETFMKETIDEGLWDTLSARLDFCNLDVNDTAAFSRLGAMLDQKNRITINYFAMPPSTFGAICKGLGEAKLNAKPARVVMEKPLGTSLATSQEINDQVGEYFEECQVYRIDHYLGKETVLNLLALRFANSLFVNNWDNRTIDHVEITVAEEVGIEGRWGYFDKAGQMRDMIQNHLLQILCMIAMSPPSDLSADSIRDEKVKVLKSLRRIDRSNVREKTVRGQYTAGFAQGKKVPGYLEEEGANKSSNTETFVAIRVDIDNWRWAGVPFYLRTGKRLPTKCSEVVVYFKTPELNLFKESWQDLPQNKLTIRLQPDEGVDIQVLNKVPGLDHKHNLQITKLDLSYSETFNQTHLADAYERLLLETMRGIQALFVRRDEVEEAWKWVDSITEAWAMDNDAPKPYQAGTWGPVASVAMITRDGRSWNEFE,C([C@@H]1[C@H]([C@@H]([C@H](C(O1)O)O)O)O)OP(=O)(O)O
46,P0AC53,wild,MAVTQTAQACDLVIFGAKGDLARRKLLPSLYQLEKAGQLNPDTRIIGVGRADWDKAAYTKVVREALETFMKETIDEGLWDTLSARLDFCNLDVNDTAAFSRLGAMLDQKNRITINYFAMPPSTFGAICKGLGEAKLNAKPARVVMEKPLGTSLATSQEINDQVGEYFEECQVYRIDHYLGKETVLNLLALRFANSLFVNNWDNRTIDHVEITVAEEVGIEGRWGYFDKAGQMRDMIQNHLLQILCMIAMSPPSDLSADSIRDEKVKVLKSLRRIDRSNVREKTVRGQYTAGFAQGKKVPGYLEEEGANKSSNTETFVAIRVDIDNWRWAGVPFYLRTGKRLPTKCSEVVVYFKTPELNLFKESWQDLPQNKLTIRLQPDEGVDIQVLNKVPGLDHKHNLQITKLDLSYSETFNQTHLADAYERLLLETMRGIQALFVRRDEVEEAWKWVDSITEAWAMDNDAPKPYQAGTWGPVASVAMITRDGRSWNEFE,C1=CC(=C[N+](=C1)[C@H]2[C@@H]([C@@H]([C@H](O2)COP(=O)(O)OP(=O)(O)OC[C@@H]3[C@H]([C@H]([C@@H](O3)N4C=NC5=C(N=CN=C54)N)OP(=O)(O)O)O)O)O)C(=O)N
47,P0AC53,wild,MAVTQTAQACDLVIFGAKGDLARRKLLPSLYQLEKAGQLNPDTRIIGVGRADWDKAAYTKVVREALETFMKETIDEGLWDTLSARLDFCNLDVNDTAAFSRLGAMLDQKNRITINYFAMPPSTFGAICKGLGEAKLNAKPARVVMEKPLGTSLATSQEINDQVGEYFEECQVYRIDHYLGKETVLNLLALRFANSLFVNNWDNRTIDHVEITVAEEVGIEGRWGYFDKAGQMRDMIQNHLLQILCMIAMSPPSDLSADSIRDEKVKVLKSLRRIDRSNVREKTVRGQYTAGFAQGKKVPGYLEEEGANKSSNTETFVAIRVDIDNWRWAGVPFYLRTGKRLPTKCSEVVVYFKTPELNLFKESWQDLPQNKLTIRLQPDEGVDIQVLNKVPGLDHKHNLQITKLDLSYSETFNQTHLADAYERLLLETMRGIQALFVRRDEVEEAWKWVDSITEAWAMDNDAPKPYQAGTWGPVASVAMITRDGRSWNEFE,C([C@@H]1[C@H]([C@@H]([C@H](C(=O)O1)O)O)O)OP(=O)(O)O
48,P0AC53,wild,MAVTQTAQACDLVIFGAKGDLARRKLLPSLYQLEKAGQLNPDTRIIGVGRADWDKAAYTKVVREALETFMKETIDEGLWDTLSARLDFCNLDVNDTAAFSRLGAMLDQKNRITINYFAMPPSTFGAICKGLGEAKLNAKPARVVMEKPLGTSLATSQEINDQVGEYFEECQVYRIDHYLGKETVLNLLALRFANSLFVNNWDNRTIDHVEITVAEEVGIEGRWGYFDKAGQMRDMIQNHLLQILCMIAMSPPSDLSADSIRDEKVKVLKSLRRIDRSNVREKTVRGQYTAGFAQGKKVPGYLEEEGANKSSNTETFVAIRVDIDNWRWAGVPFYLRTGKRLPTKCSEVVVYFKTPELNLFKESWQDLPQNKLTIRLQPDEGVDIQVLNKVPGLDHKHNLQITKLDLSYSETFNQTHLADAYERLLLETMRGIQALFVRRDEVEEAWKWVDSITEAWAMDNDAPKPYQAGTWGPVASVAMITRDGRSWNEFE,[H+]
49,P0AC53,wild,MAVTQTAQACDLVIFGAKGDLARRKLLPSLYQLEKAGQLNPDTRIIGVGRADWDKAAYTKVVREALETFMKETIDEGLWDTLSARLDFCNLDVNDTAAFSRLGAMLDQKNRITINYFAMPPSTFGAICKGLGEAKLNAKPARVVMEKPLGTSLATSQEINDQVGEYFEECQVYRIDHYLGKETVLNLLALRFANSLFVNNWDNRTIDHVEITVAEEVGIEGRWGYFDKAGQMRDMIQNHLLQILCMIAMSPPSDLSADSIRDEKVKVLKSLRRIDRSNVREKTVRGQYTAGFAQGKKVPGYLEEEGANKSSNTETFVAIRVDIDNWRWAGVPFYLRTGKRLPTKCSEVVVYFKTPELNLFKESWQDLPQNKLTIRLQPDEGVDIQVLNKVPGLDHKHNLQITKLDLSYSETFNQTHLADAYERLLLETMRGIQALFVRRDEVEEAWKWVDSITEAWAMDNDAPKPYQAGTWGPVASVAMITRDGRSWNEFE,C1C=CN(C=C1C(=O)N)[C@H]2[C@@H]([C@@H]([C@H](O2)COP(=O)(O)OP(=O)(O)OC[C@@H]3[C@H]([C@H]([C@@H](O3)N4C=NC5=C(N=CN=C54)N)OP(=O)(O)O)O)O)O
50,P0A9B2,wild,MTIKVGINGFGRIGRIVFRAAQKRSDIEIVAINDLLDADYMAYMLKYDSTHGRFDGTVEVKDGHLIVNGKKIRVTAERDPANLKWDEVGVDVVAEATGLFLTDETARKHITAGAKKVVMTGPSKDNTPMFVKGANFDKYAGQDIVSNASCTTNCLAPLAKVINDNFGIIEGLMTTVHATTATQKTVDGPSHKDWRGGRGASQNIIPSSTGAAKAVGKVLPELNGKLTGMAFRVPTPNVSVVDLTVRLEKAATYEQIKAAVKAAAEGEMKGVLGYTEDDVVSTDFNGEVCTSVFDAKAGIALNDNFVKLVSWYDNETGYSNKVLDLIAHISK,C(C(C=O)O)OP(=O)(O)O
51,P0A9B2,wild,MTIKVGINGFGRIGRIVFRAAQKRSDIEIVAINDLLDADYMAYMLKYDSTHGRFDGTVEVKDGHLIVNGKKIRVTAERDPANLKWDEVGVDVVAEATGLFLTDETARKHITAGAKKVVMTGPSKDNTPMFVKGANFDKYAGQDIVSNASCTTNCLAPLAKVINDNFGIIEGLMTTVHATTATQKTVDGPSHKDWRGGRGASQNIIPSSTGAAKAVGKVLPELNGKLTGMAFRVPTPNVSVVDLTVRLEKAATYEQIKAAVKAAAEGEMKGVLGYTEDDVVSTDFNGEVCTSVFDAKAGIALNDNFVKLVSWYDNETGYSNKVLDLIAHISK,C1=CC(=C[N+](=C1)[C@H]2[C@@H]([C@@H]([C@H](O2)COP(=O)(O)OP(=O)(O)OC[C@@H]3[C@H]([C@H]([C@@H](O3)N4C=NC5=C(N=CN=C54)N)O)O)O)O)C(=O)N
52,P0A9B2,wild,MTIKVGINGFGRIGRIVFRAAQKRSDIEIVAINDLLDADYMAYMLKYDSTHGRFDGTVEVKDGHLIVNGKKIRVTAERDPANLKWDEVGVDVVAEATGLFLTDETARKHITAGAKKVVMTGPSKDNTPMFVKGANFDKYAGQDIVSNASCTTNCLAPLAKVINDNFGIIEGLMTTVHATTATQKTVDGPSHKDWRGGRGASQNIIPSSTGAAKAVGKVLPELNGKLTGMAFRVPTPNVSVVDLTVRLEKAATYEQIKAAVKAAAEGEMKGVLGYTEDDVVSTDFNGEVCTSVFDAKAGIALNDNFVKLVSWYDNETGYSNKVLDLIAHISK,OP(=O)(O)O
53,P0A9B2,wild,MTIKVGINGFGRIGRIVFRAAQKRSDIEIVAINDLLDADYMAYMLKYDSTHGRFDGTVEVKDGHLIVNGKKIRVTAERDPANLKWDEVGVDVVAEATGLFLTDETARKHITAGAKKVVMTGPSKDNTPMFVKGANFDKYAGQDIVSNASCTTNCLAPLAKVINDNFGIIEGLMTTVHATTATQKTVDGPSHKDWRGGRGASQNIIPSSTGAAKAVGKVLPELNGKLTGMAFRVPTPNVSVVDLTVRLEKAATYEQIKAAVKAAAEGEMKGVLGYTEDDVVSTDFNGEVCTSVFDAKAGIALNDNFVKLVSWYDNETGYSNKVLDLIAHISK,C([C@H](C(=O)OP(=O)(O)O)O)OP(=O)(O)O
54,P0A9B2,wild,MTIKVGINGFGRIGRIVFRAAQKRSDIEIVAINDLLDADYMAYMLKYDSTHGRFDGTVEVKDGHLIVNGKKIRVTAERDPANLKWDEVGVDVVAEATGLFLTDETARKHITAGAKKVVMTGPSKDNTPMFVKGANFDKYAGQDIVSNASCTTNCLAPLAKVINDNFGIIEGLMTTVHATTATQKTVDGPSHKDWRGGRGASQNIIPSSTGAAKAVGKVLPELNGKLTGMAFRVPTPNVSVVDLTVRLEKAATYEQIKAAVKAAAEGEMKGVLGYTEDDVVSTDFNGEVCTSVFDAKAGIALNDNFVKLVSWYDNETGYSNKVLDLIAHISK,[H+]
55,P0A9B2,wild,MTIKVGINGFGRIGRIVFRAAQKRSDIEIVAINDLLDADYMAYMLKYDSTHGRFDGTVEVKDGHLIVNGKKIRVTAERDPANLKWDEVGVDVVAEATGLFLTDETARKHITAGAKKVVMTGPSKDNTPMFVKGANFDKYAGQDIVSNASCTTNCLAPLAKVINDNFGIIEGLMTTVHATTATQKTVDGPSHKDWRGGRGASQNIIPSSTGAAKAVGKVLPELNGKLTGMAFRVPTPNVSVVDLTVRLEKAATYEQIKAAVKAAAEGEMKGVLGYTEDDVVSTDFNGEVCTSVFDAKAGIALNDNFVKLVSWYDNETGYSNKVLDLIAHISK,C1C=CN(C=C1C(=O)N)[C@H]2[C@@H]([C@@H]([C@H](O2)COP(=O)(O)OP(=O)(O)OC[C@@H]3[C@H]([C@H]([C@@H](O3)N4C=NC5=C(N=CN=C54)N)O)O)O)O
56,P00370,wild,MDQTYSLESFLNHVQKRDPNQTEFAQAVREVMTTLWPFLEQNPKYRQMSLLERLVEPERVIQFRVVWVDDRNQIQVNRAWRVQFSSAIGPYKGGMRFHPSVNLSILKFLGFEQTFKNALTTLPMGGGKGGSDFDPKGKSEGEVMRFCQALMTELYRHLGADTDVPAGDIGVGGREVGFMAGMMKKLSNNTACVFTGKGLSFGGSLIRPEATGYGLVYFTEAMLKRHGMGFEGMRVSVSGSGNVAQYAIEKAMEFGARVITASDSSGTVVDESGFTKEKLARLIEIKASRDGRVADYAKEFGLVYLEGQQPWSLPVDIALPCATQNELDVDAAHQLIANGVKAVAEGANMPTTIEATELFQQAGVLFAPGKAANAGGVATSGLEMAQNAARLGWKAEKVDARLHHIMLDIHHACVEHGGEGEQTNYVQGANIAGFVKVADAMLAQGVI,C(CC(=O)O)[C@@H](C(=O)O)N
57,P00370,wild,MDQTYSLESFLNHVQKRDPNQTEFAQAVREVMTTLWPFLEQNPKYRQMSLLERLVEPERVIQFRVVWVDDRNQIQVNRAWRVQFSSAIGPYKGGMRFHPSVNLSILKFLGFEQTFKNALTTLPMGGGKGGSDFDPKGKSEGEVMRFCQALMTELYRHLGADTDVPAGDIGVGGREVGFMAGMMKKLSNNTACVFTGKGLSFGGSLIRPEATGYGLVYFTEAMLKRHGMGFEGMRVSVSGSGNVAQYAIEKAMEFGARVITASDSSGTVVDESGFTKEKLARLIEIKASRDGRVADYAKEFGLVYLEGQQPWSLPVDIALPCATQNELDVDAAHQLIANGVKAVAEGANMPTTIEATELFQQAGVLFAPGKAANAGGVATSGLEMAQNAARLGWKAEKVDARLHHIMLDIHHACVEHGGEGEQTNYVQGANIAGFVKVADAMLAQGVI,O
58,P00370,wild,MDQTYSLESFLNHVQKRDPNQTEFAQAVREVMTTLWPFLEQNPKYRQMSLLERLVEPERVIQFRVVWVDDRNQIQVNRAWRVQFSSAIGPYKGGMRFHPSVNLSILKFLGFEQTFKNALTTLPMGGGKGGSDFDPKGKSEGEVMRFCQALMTELYRHLGADTDVPAGDIGVGGREVGFMAGMMKKLSNNTACVFTGKGLSFGGSLIRPEATGYGLVYFTEAMLKRHGMGFEGMRVSVSGSGNVAQYAIEKAMEFGARVITASDSSGTVVDESGFTKEKLARLIEIKASRDGRVADYAKEFGLVYLEGQQPWSLPVDIALPCATQNELDVDAAHQLIANGVKAVAEGANMPTTIEATELFQQAGVLFAPGKAANAGGVATSGLEMAQNAARLGWKAEKVDARLHHIMLDIHHACVEHGGEGEQTNYVQGANIAGFVKVADAMLAQGVI,C1=CC(=C[N+](=C1)[C@H]2[C@@H]([C@@H]([C@H](O2)COP(=O)(O)OP(=O)(O)OC[C@@H]3[C@H]([C@H]([C@@H](O3)N4C=NC5=C(N=CN=C54)N)OP(=O)(O)O)O)O)O)C(=O)N
59,P00370,wild,MDQTYSLESFLNHVQKRDPNQTEFAQAVREVMTTLWPFLEQNPKYRQMSLLERLVEPERVIQFRVVWVDDRNQIQVNRAWRVQFSSAIGPYKGGMRFHPSVNLSILKFLGFEQTFKNALTTLPMGGGKGGSDFDPKGKSEGEVMRFCQALMTELYRHLGADTDVPAGDIGVGGREVGFMAGMMKKLSNNTACVFTGKGLSFGGSLIRPEATGYGLVYFTEAMLKRHGMGFEGMRVSVSGSGNVAQYAIEKAMEFGARVITASDSSGTVVDESGFTKEKLARLIEIKASRDGRVADYAKEFGLVYLEGQQPWSLPVDIALPCATQNELDVDAAHQLIANGVKAVAEGANMPTTIEATELFQQAGVLFAPGKAANAGGVATSGLEMAQNAARLGWKAEKVDARLHHIMLDIHHACVEHGGEGEQTNYVQGANIAGFVKVADAMLAQGVI,C(CC(=O)O)C(=O)C(=O)O
60,P00370,wild,MDQTYSLESFLNHVQKRDPNQTEFAQAVREVMTTLWPFLEQNPKYRQMSLLERLVEPERVIQFRVVWVDDRNQIQVNRAWRVQFSSAIGPYKGGMRFHPSVNLSILKFLGFEQTFKNALTTLPMGGGKGGSDFDPKGKSEGEVMRFCQALMTELYRHLGADTDVPAGDIGVGGREVGFMAGMMKKLSNNTACVFTGKGLSFGGSLIRPEATGYGLVYFTEAMLKRHGMGFEGMRVSVSGSGNVAQYAIEKAMEFGARVITASDSSGTVVDESGFTKEKLARLIEIKASRDGRVADYAKEFGLVYLEGQQPWSLPVDIALPCATQNELDVDAAHQLIANGVKAVAEGANMPTTIEATELFQQAGVLFAPGKAANAGGVATSGLEMAQNAARLGWKAEKVDARLHHIMLDIHHACVEHGGEGEQTNYVQGANIAGFVKVADAMLAQGVI,[H+]
61,P00370,wild,MDQTYSLESFLNHVQKRDPNQTEFAQAVREVMTTLWPFLEQNPKYRQMSLLERLVEPERVIQFRVVWVDDRNQIQVNRAWRVQFSSAIGPYKGGMRFHPSVNLSILKFLGFEQTFKNALTTLPMGGGKGGSDFDPKGKSEGEVMRFCQALMTELYRHLGADTDVPAGDIGVGGREVGFMAGMMKKLSNNTACVFTGKGLSFGGSLIRPEATGYGLVYFTEAMLKRHGMGFEGMRVSVSGSGNVAQYAIEKAMEFGARVITASDSSGTVVDESGFTKEKLARLIEIKASRDGRVADYAKEFGLVYLEGQQPWSLPVDIALPCATQNELDVDAAHQLIANGVKAVAEGANMPTTIEATELFQQAGVLFAPGKAANAGGVATSGLEMAQNAARLGWKAEKVDARLHHIMLDIHHACVEHGGEGEQTNYVQGANIAGFVKVADAMLAQGVI,C1C=CN(C=C1C(=O)N)[C@H]2[C@@H]([C@@H]([C@H](O2)COP(=O)(O)OP(=O)(O)OC[C@@H]3[C@H]([C@H]([C@@H](O3)N4C=NC5=C(N=CN=C54)N)OP(=O)(O)O)O)O)O
62,P00370,wild,MDQTYSLESFLNHVQKRDPNQTEFAQAVREVMTTLWPFLEQNPKYRQMSLLERLVEPERVIQFRVVWVDDRNQIQVNRAWRVQFSSAIGPYKGGMRFHPSVNLSILKFLGFEQTFKNALTTLPMGGGKGGSDFDPKGKSEGEVMRFCQALMTELYRHLGADTDVPAGDIGVGGREVGFMAGMMKKLSNNTACVFTGKGLSFGGSLIRPEATGYGLVYFTEAMLKRHGMGFEGMRVSVSGSGNVAQYAIEKAMEFGARVITASDSSGTVVDESGFTKEKLARLIEIKASRDGRVADYAKEFGLVYLEGQQPWSLPVDIALPCATQNELDVDAAHQLIANGVKAVAEGANMPTTIEATELFQQAGVLFAPGKAANAGGVATSGLEMAQNAARLGWKAEKVDARLHHIMLDIHHACVEHGGEGEQTNYVQGANIAGFVKVADAMLAQGVI,N
63,P05041,wild,MKTLSPAVITLLWRQDAAEFYFSRLSHLPWAMLLHSGYADHPYSRFDIVVAEPICTLTTFGKETVVSESEKRTTTTDDPLQVLQQVLDRADIRPTHNEDLPFQGGALGLFGYDLGRRFESLPEIAEQDIVLPDMAVGIYDWALIVDHQRHTVSLLSHNDVNARRAWLESQQFSPQEDFTLTSDWQSNMTREQYGEKFRQVQEYLHSGDCYQVNLAQRFHATYSGDEWQAFLQLNQANRAPFSAFLRLEQGAILSLSPERFILCDNSEIQTRPIKGTLPRLPDPQEDSKQAVKLANSAKDRAENLMIVDLMRNDIGRVAVAGSVKVPELFVVEPFPAVHHLVSTITAQLPEQLHASDLLRAAFPGGSITGAPKVRAMEIIDELEPQRRNAWCGSIGYLSFCGNMDTSITIRTLTAINGQIFCSAGGGIVADSQEEAEYQETFDKVNRILKQLEK,C(CC(=O)N)[C@@H](C(=O)O)N
64,P05041,wild,MKTLSPAVITLLWRQDAAEFYFSRLSHLPWAMLLHSGYADHPYSRFDIVVAEPICTLTTFGKETVVSESEKRTTTTDDPLQVLQQVLDRADIRPTHNEDLPFQGGALGLFGYDLGRRFESLPEIAEQDIVLPDMAVGIYDWALIVDHQRHTVSLLSHNDVNARRAWLESQQFSPQEDFTLTSDWQSNMTREQYGEKFRQVQEYLHSGDCYQVNLAQRFHATYSGDEWQAFLQLNQANRAPFSAFLRLEQGAILSLSPERFILCDNSEIQTRPIKGTLPRLPDPQEDSKQAVKLANSAKDRAENLMIVDLMRNDIGRVAVAGSVKVPELFVVEPFPAVHHLVSTITAQLPEQLHASDLLRAAFPGGSITGAPKVRAMEIIDELEPQRRNAWCGSIGYLSFCGNMDTSITIRTLTAINGQIFCSAGGGIVADSQEEAEYQETFDKVNRILKQLEK,O
65,P77454,wild,MLDANKLQQAVDQAYTQFHSLNGGQNADYIPFLANVPGQLAAVAIVTCDGNVYSAGDSDYRFALESISKVCTLALALEDVGPQAVQDKIGADPTGLPFNSVIALELHGGKPLSPLVNAGAIATTSLINAENVEQRWQRILHIQQQLAGEQVALSDEVNQSEQTTNFHNRAIAWLLYSAGYLYCDAMEACDVYTRQCSTLLNTIELATLGATLAAGGVNPLTHKRVLQADNVPYILAEMMMEGLYGRSGDWAYRVGLPGKSGVGGGILAVVPGVMGIAAFSPPLDEDGNSVRGQKMVASVAKQLGYNVFKG,C(CC(=O)N)[C@@H](C(=O)O)N
66,P77454,wild,MLDANKLQQAVDQAYTQFHSLNGGQNADYIPFLANVPGQLAAVAIVTCDGNVYSAGDSDYRFALESISKVCTLALALEDVGPQAVQDKIGADPTGLPFNSVIALELHGGKPLSPLVNAGAIATTSLINAENVEQRWQRILHIQQQLAGEQVALSDEVNQSEQTTNFHNRAIAWLLYSAGYLYCDAMEACDVYTRQCSTLLNTIELATLGATLAAGGVNPLTHKRVLQADNVPYILAEMMMEGLYGRSGDWAYRVGLPGKSGVGGGILAVVPGVMGIAAFSPPLDEDGNSVRGQKMVASVAKQLGYNVFKG,O
67,P0A6W0,wild,MAVAMDNAILENILRQVRPLIGQGKVADYIPALATVDGSRLGIAICTVDGQLFQAGDAQERFSIQSISKVLSLVVAMRHYSEEEIWQRVGKDPSGSPFNSLVQLEMEQGIPRNPFINAGALVVCDMLQGRLSAPRQRMLEVVRGLSGVSDISYDTVVARSEFEHSARNAAIAWLMKSFGNFHHDVTTVLQNYFHYCALKMSCVELARTFVFLANQGKAIHIDEPVVTPMQARQINALMATSGMYQNAGEFAWRVGLPAKSGVGGGIVAIVPHEMAIAVWSPELDDAGNSLAGIAVLEQLTKQLGRSVY,C(CC(=O)N)[C@@H](C(=O)O)N
68,P0A6W0,wild,MAVAMDNAILENILRQVRPLIGQGKVADYIPALATVDGSRLGIAICTVDGQLFQAGDAQERFSIQSISKVLSLVVAMRHYSEEEIWQRVGKDPSGSPFNSLVQLEMEQGIPRNPFINAGALVVCDMLQGRLSAPRQRMLEVVRGLSGVSDISYDTVVARSEFEHSARNAAIAWLMKSFGNFHHDVTTVLQNYFHYCALKMSCVELARTFVFLANQGKAIHIDEPVVTPMQARQINALMATSGMYQNAGEFAWRVGLPAKSGVGGGIVAIVPHEMAIAVWSPELDDAGNSLAGIAVLEQLTKQLGRSVY,O
69,P00350,wild,MSKQQIGVVGMAVMGRNLALNIESRGYTVSIFNRSREKTEEVIAENPGKKLVPYYTVKEFVESLETPRRILLMVKAGAGTDAAIDSLKPYLDKGDIIIDGGNTFFQDTIRRNRELSAEGFNFIGTGVSGGEEGALKGPSIMPGGQKEAYELVAPILTKIAAVAEDGEPCVTYIGADGAGHYVKMVHNGIEYGDMQLIAEAYSLLKGGLNLTNEELAQTFTEWNNGELSSYLIDITKDIFTKKDEDGNYLVDVILDEAANKGTGKWTSQSALDLGEPLSLITESVFARYISSLKDQRVAASKVLSGPQAQPAGDKAEFIEKVRRALYLGKIVSYAQGFSQLRAASEEYNWDLNYGEIAKIFRAGCIIRAQFLQKITDAYAENPQIANLLLAPYFKQIADDYQQALRDVVAYAVQNGIPVPTFSAAVAYYDSYRAAVLPANLIQAQRDYFGAHTYKRIDKEGVFHTEWLD,C([C@H]([C@H]([C@@H]([C@H](C(=O)O)O)O)O)O)OP(=O)(O)O
70,P00350,wild,MSKQQIGVVGMAVMGRNLALNIESRGYTVSIFNRSREKTEEVIAENPGKKLVPYYTVKEFVESLETPRRILLMVKAGAGTDAAIDSLKPYLDKGDIIIDGGNTFFQDTIRRNRELSAEGFNFIGTGVSGGEEGALKGPSIMPGGQKEAYELVAPILTKIAAVAEDGEPCVTYIGADGAGHYVKMVHNGIEYGDMQLIAEAYSLLKGGLNLTNEELAQTFTEWNNGELSSYLIDITKDIFTKKDEDGNYLVDVILDEAANKGTGKWTSQSALDLGEPLSLITESVFARYISSLKDQRVAASKVLSGPQAQPAGDKAEFIEKVRRALYLGKIVSYAQGFSQLRAASEEYNWDLNYGEIAKIFRAGCIIRAQFLQKITDAYAENPQIANLLLAPYFKQIADDYQQALRDVVAYAVQNGIPVPTFSAAVAYYDSYRAAVLPANLIQAQRDYFGAHTYKRIDKEGVFHTEWLD,C1=CC(=C[N+](=C1)[C@H]2[C@@H]([C@@H]([C@H](O2)COP(=O)(O)OP(=O)(O)OC[C@@H]3[C@H]([C@H]([C@@H](O3)N4C=NC5=C(N=CN=C54)N)OP(=O)(O)O)O)O)O)C(=O)N
71,P61889,wild,MKVAVLGAAGGIGQALALLLKTQLPSGSELSLYDIAPVTPGVAVDLSHIPTAVKIKGFSGEDATPALEGADVVLISAGVARKPGMDRSDLFNVNAGIVKNLVQQVAKTCPKACIGIITNPVNTTVAIAAEVLKKAGVYDKNKLFGVTTLDIIRSNTFVAELKGKQPGEVEVPVIGGHSGVTILPLLSQVPGVSFTEQEVADLTKRIQNAGTEVVEAKAGGGSATLSMGQAAARFGLSLVRALQGEQGVVECAYVEGDGQYARFFSQPLLLGKNGVEERKSIGTLSAFEQNALEGMLDTLKKDIALGEEFVNK,C([C@@H](C(=O)O)O)C(=O)O
72,P61889,wild,MKVAVLGAAGGIGQALALLLKTQLPSGSELSLYDIAPVTPGVAVDLSHIPTAVKIKGFSGEDATPALEGADVVLISAGVARKPGMDRSDLFNVNAGIVKNLVQQVAKTCPKACIGIITNPVNTTVAIAAEVLKKAGVYDKNKLFGVTTLDIIRSNTFVAELKGKQPGEVEVPVIGGHSGVTILPLLSQVPGVSFTEQEVADLTKRIQNAGTEVVEAKAGGGSATLSMGQAAARFGLSLVRALQGEQGVVECAYVEGDGQYARFFSQPLLLGKNGVEERKSIGTLSAFEQNALEGMLDTLKKDIALGEEFVNK,C1=CC(=C[N+](=C1)[C@H]2[C@@H]([C@@H]([C@H](O2)COP(=O)(O)OP(=O)(O)OC[C@@H]3[C@H]([C@H]([C@@H](O3)N4C=NC5=C(N=CN=C54)N)O)O)O)O)C(=O)N
73,P61889,wild,MKVAVLGAAGGIGQALALLLKTQLPSGSELSLYDIAPVTPGVAVDLSHIPTAVKIKGFSGEDATPALEGADVVLISAGVARKPGMDRSDLFNVNAGIVKNLVQQVAKTCPKACIGIITNPVNTTVAIAAEVLKKAGVYDKNKLFGVTTLDIIRSNTFVAELKGKQPGEVEVPVIGGHSGVTILPLLSQVPGVSFTEQEVADLTKRIQNAGTEVVEAKAGGGSATLSMGQAAARFGLSLVRALQGEQGVVECAYVEGDGQYARFFSQPLLLGKNGVEERKSIGTLSAFEQNALEGMLDTLKKDIALGEEFVNK,[H+]
74,P61889,wild,MKVAVLGAAGGIGQALALLLKTQLPSGSELSLYDIAPVTPGVAVDLSHIPTAVKIKGFSGEDATPALEGADVVLISAGVARKPGMDRSDLFNVNAGIVKNLVQQVAKTCPKACIGIITNPVNTTVAIAAEVLKKAGVYDKNKLFGVTTLDIIRSNTFVAELKGKQPGEVEVPVIGGHSGVTILPLLSQVPGVSFTEQEVADLTKRIQNAGTEVVEAKAGGGSATLSMGQAAARFGLSLVRALQGEQGVVECAYVEGDGQYARFFSQPLLLGKNGVEERKSIGTLSAFEQNALEGMLDTLKKDIALGEEFVNK,C1C=CN(C=C1C(=O)N)[C@H]2[C@@H]([C@@H]([C@H](O2)COP(=O)(O)OP(=O)(O)OC[C@@H]3[C@H]([C@H]([C@@H](O3)N4C=NC5=C(N=CN=C54)N)O)O)O)O
75,P61889,wild,MKVAVLGAAGGIGQALALLLKTQLPSGSELSLYDIAPVTPGVAVDLSHIPTAVKIKGFSGEDATPALEGADVVLISAGVARKPGMDRSDLFNVNAGIVKNLVQQVAKTCPKACIGIITNPVNTTVAIAAEVLKKAGVYDKNKLFGVTTLDIIRSNTFVAELKGKQPGEVEVPVIGGHSGVTILPLLSQVPGVSFTEQEVADLTKRIQNAGTEVVEAKAGGGSATLSMGQAAARFGLSLVRALQGEQGVVECAYVEGDGQYARFFSQPLLLGKNGVEERKSIGTLSAFEQNALEGMLDTLKKDIALGEEFVNK,C(C(=O)C(=O)O)C(=O)O
76,P27306,wild,MPHSYDYDAIVIGSGPGGEGAAMGLVKQGARVAVIERYQNVGGGCTHWGTIPSKALRHAVSRIIEFNQNPLYSDHSRLLRSSFADILNHADNVINQQTRMRQGFYERNHCEILQGNARFVDEHTLALDCPDGSVETLTAEKFVIACGSRPYHPTDVDFTHPRIYDSDSILSMHHEPRHVLIYGAGVIGCEYASIFRGMDVKVDLINTRDRLLAFLDQEMSDSLSYHFWNSGVVIRHNEEYEKIEGCDDGVIMHLKSGKKLKADCLLYANGRTGNTDSLALQNIGLETDSRGQLKVNSMYQTAQPHVYAVGDVIGYPSLASAAYDQGRIAAQALVKGEATAHLIEDIPTGIYTIPEISSVGKTEQQLTAMKVPYEVGRAQFKHLARAQIVGMNVGTLKILFHRETKEILGIHCFGERAAEIIHIGQAIMEQKGGGNTIEYFVNTTFNYPTMAEAYRVAALNGLNRLF,C1=CC(=C[N+](=C1)[C@H]2[C@@H]([C@@H]([C@H](O2)COP(=O)(O)OP(=O)(O)OC[C@@H]3[C@H]([C@H]([C@@H](O3)N4C=NC5=C(N=CN=C54)N)O)O)O)O)C(=O)N
77,P27306,wild,MPHSYDYDAIVIGSGPGGEGAAMGLVKQGARVAVIERYQNVGGGCTHWGTIPSKALRHAVSRIIEFNQNPLYSDHSRLLRSSFADILNHADNVINQQTRMRQGFYERNHCEILQGNARFVDEHTLALDCPDGSVETLTAEKFVIACGSRPYHPTDVDFTHPRIYDSDSILSMHHEPRHVLIYGAGVIGCEYASIFRGMDVKVDLINTRDRLLAFLDQEMSDSLSYHFWNSGVVIRHNEEYEKIEGCDDGVIMHLKSGKKLKADCLLYANGRTGNTDSLALQNIGLETDSRGQLKVNSMYQTAQPHVYAVGDVIGYPSLASAAYDQGRIAAQALVKGEATAHLIEDIPTGIYTIPEISSVGKTEQQLTAMKVPYEVGRAQFKHLARAQIVGMNVGTLKILFHRETKEILGIHCFGERAAEIIHIGQAIMEQKGGGNTIEYFVNTTFNYPTMAEAYRVAALNGLNRLF,C1C=CN(C=C1C(=O)N)[C@H]2[C@@H]([C@@H]([C@H](O2)COP(=O)(O)OP(=O)(O)OC[C@@H]3[C@H]([C@H]([C@@H](O3)N4C=NC5=C(N=CN=C54)N)OP(=O)(O)O)O)O)O
78,P06959,wild,MAIEIKVPDIGADEVEITEILVKVGDKVEAEQSLITVEGDKASMEVPSPQAGIVKEIKVSVGDKTQTGALIMIFDSADGAADAAPAQAEEKKEAAPAAAPAAAAAKDVNVPDIGSDEVEVTEILVKVGDKVEAEQSLITVEGDKASMEVPAPFAGTVKEIKVNVGDKVSTGSLIMVFEVAGEAGAAAPAAKQEAAPAAAPAPAAGVKEVNVPDIGGDEVEVTEVMVKVGDKVAAEQSLITVEGDKASMEVPAPFAGVVKELKVNVGDKVKTGSLIMIFEVEGAAPAAAPAKQEAAAPAPAAKAEAPAAAPAAKAEGKSEFAENDAYVHATPLIRRLAREFGVNLAKVKGTGRKGRILREDVQAYVKEAIKRAEAAPAATGGGIPGMLPWPKVDFSKFGEIEEVELGRIQKISGANLSRNWVMIPHVTHFDKTDITELEAFRKQQNEEAAKRKLDVKITPVVFIMKAVAAALEQMPRFNSSLSEDGQRLTLKKYINIGVAVDTPNGLVVPVFKDVNKKGIIELSRELMTISKKARDGKLTAGEMQGGCFTISSIGGLGTTHFAPIVNAPEVAILGVSKSAMEPVWNGKEFVPRLMLPISLSFDHRVIDGADGARFITIINNTLSDIRRLVM,CC(C)(COP(=O)(O)OP(=O)(O)OC[C@@H]1[C@H]([C@H]([C@@H](O1)N2C=NC3=C(N=CN=C32)N)O)OP(=O)(O)O)[C@H](C(=O)NCCC(=O)NCCS)O
79,P06959,wild,MAIEIKVPDIGADEVEITEILVKVGDKVEAEQSLITVEGDKASMEVPSPQAGIVKEIKVSVGDKTQTGALIMIFDSADGAADAAPAQAEEKKEAAPAAAPAAAAAKDVNVPDIGSDEVEVTEILVKVGDKVEAEQSLITVEGDKASMEVPAPFAGTVKEIKVNVGDKVSTGSLIMVFEVAGEAGAAAPAAKQEAAPAAAPAPAAGVKEVNVPDIGGDEVEVTEVMVKVGDKVAAEQSLITVEGDKASMEVPAPFAGVVKELKVNVGDKVKTGSLIMIFEVEGAAPAAAPAKQEAAAPAPAAKAEAPAAAPAAKAEGKSEFAENDAYVHATPLIRRLAREFGVNLAKVKGTGRKGRILREDVQAYVKEAIKRAEAAPAATGGGIPGMLPWPKVDFSKFGEIEEVELGRIQKISGANLSRNWVMIPHVTHFDKTDITELEAFRKQQNEEAAKRKLDVKITPVVFIMKAVAAALEQMPRFNSSLSEDGQRLTLKKYINIGVAVDTPNGLVVPVFKDVNKKGIIELSRELMTISKKARDGKLTAGEMQGGCFTISSIGGLGTTHFAPIVNAPEVAILGVSKSAMEPVWNGKEFVPRLMLPISLSFDHRVIDGADGARFITIINNTLSDIRRLVM,C1=CC(=C[N+](=C1)[C@H]2[C@@H]([C@@H]([C@H](O2)COP(=O)(O)OP(=O)(O)OC[C@@H]3[C@H]([C@H]([C@@H](O3)N4C=NC5=C(N=CN=C54)N)O)O)O)O)C(=O)N
80,P06959,wild,MAIEIKVPDIGADEVEITEILVKVGDKVEAEQSLITVEGDKASMEVPSPQAGIVKEIKVSVGDKTQTGALIMIFDSADGAADAAPAQAEEKKEAAPAAAPAAAAAKDVNVPDIGSDEVEVTEILVKVGDKVEAEQSLITVEGDKASMEVPAPFAGTVKEIKVNVGDKVSTGSLIMVFEVAGEAGAAAPAAKQEAAPAAAPAPAAGVKEVNVPDIGGDEVEVTEVMVKVGDKVAAEQSLITVEGDKASMEVPAPFAGVVKELKVNVGDKVKTGSLIMIFEVEGAAPAAAPAKQEAAAPAPAAKAEAPAAAPAAKAEGKSEFAENDAYVHATPLIRRLAREFGVNLAKVKGTGRKGRILREDVQAYVKEAIKRAEAAPAATGGGIPGMLPWPKVDFSKFGEIEEVELGRIQKISGANLSRNWVMIPHVTHFDKTDITELEAFRKQQNEEAAKRKLDVKITPVVFIMKAVAAALEQMPRFNSSLSEDGQRLTLKKYINIGVAVDTPNGLVVPVFKDVNKKGIIELSRELMTISKKARDGKLTAGEMQGGCFTISSIGGLGTTHFAPIVNAPEVAILGVSKSAMEPVWNGKEFVPRLMLPISLSFDHRVIDGADGARFITIINNTLSDIRRLVM,CC(=O)C(=O)O
